[{
  "_id": {
    "$oid": "632c83d18a09136e57a660ef"
  },
  "id": "109041470878868416",
  "stats": [
    {
      "name": "Favourites",
      "value": 2930
    },
    {
      "name": "Replies",
      "value": 133
    },
    {
      "name": "Reblogs",
      "value": 947
    }
  ],
  "misc": [
    {
      "name": "Name",
      "value": "Some good news?"
    },
    {
      "name": "Image",
      "value": "https://media.gab.com/system/accounts/avatars/004/455/095/original/BDB929C9-DADD-4553-A78E-6AC1ABE0B9D5.jpeg"
    },
    {
      "name": "Banner",
      "value": "https://media.gab.com/system/accounts/avatars/004/455/095/original/BDB929C9-DADD-4553-A78E-6AC1ABE0B9D5.jpeg"
    },
    {
      "name": "Created",
      "value": "2022-09-22T10:00:03.338Z"
    },
    {
      "name": "About",
      "value": null
    }
  ],
  "data": [
    [
      {
        "name": "Date",
        "value": "9/22/2022"
      },
      {
        "name": "Favourites",
        "value": 2009
      },
      {
        "name": "Replies",
        "value": 90
      },
      {
        "name": "Reblogs",
        "value": 645
      }
    ],
    [
      {
        "name": "Date",
        "value": "9/23/2022"
      },
      {
        "name": "Favourites",
        "value": 2867
      },
      {
        "name": "Replies",
        "value": 133
      },
      {
        "name": "Reblogs",
        "value": 928
      }
    ],
    [
      {
        "name": "Date",
        "value": "9/24/2022"
      },
      {
        "name": "Favourites",
        "value": 2917
      },
      {
        "name": "Replies",
        "value": 134
      },
      {
        "name": "Reblogs",
        "value": 943
      }
    ],
    [
      {
        "name": "Date",
        "value": "9/25/2022"
      },
      {
        "name": "Favourites",
        "value": 2927
      },
      {
        "name": "Replies",
        "value": 134
      },
      {
        "name": "Reblogs",
        "value": 944
      }
    ],
    [
      {
        "name": "Date",
        "value": "9/26/2022"
      },
      {
        "name": "Favourites",
        "value": 2928
      },
      {
        "name": "Replies",
        "value": 134
      },
      {
        "name": "Reblogs",
        "value": 944
      }
    ],
    [
      {
        "name": "Date",
        "value": "9/27/2022"
      },
      {
        "name": "Favourites",
        "value": 2931
      },
      {
        "name": "Replies",
        "value": 134
      },
      {
        "name": "Reblogs",
        "value": 945
      }
    ],
    [
      {
        "name": "Date",
        "value": "9/28/2022"
      },
      {
        "name": "Favourites",
        "value": 2932
      },
      {
        "name": "Replies",
        "value": 134
      },
      {
        "name": "Reblogs",
        "value": 945
      }
    ],
    [
      {
        "name": "Date",
        "value": "9/29/2022"
      },
      {
        "name": "Favourites",
        "value": 2935
      },
      {
        "name": "Replies",
        "value": 133
      },
      {
        "name": "Reblogs",
        "value": 946
      }
    ],
    [
      {
        "name": "Date",
        "value": "9/30/2022"
      },
      {
        "name": "Favourites",
        "value": 2936
      },
      {
        "name": "Replies",
        "value": 133
      },
      {
        "name": "Reblogs",
        "value": 946
      }
    ],
    [
      {
        "name": "Date",
        "value": "10/1/2022"
      },
      {
        "name": "Favourites",
        "value": 2936
      },
      {
        "name": "Replies",
        "value": 133
      },
      {
        "name": "Reblogs",
        "value": 946
      }
    ],
    [
      {
        "name": "Date",
        "value": "10/2/2022"
      },
      {
        "name": "Favourites",
        "value": 2936
      },
      {
        "name": "Replies",
        "value": 133
      },
      {
        "name": "Reblogs",
        "value": 946
      }
    ],
    [
      {
        "name": "Date",
        "value": "10/3/2022"
      },
      {
        "name": "Favourites",
        "value": 2935
      },
      {
        "name": "Replies",
        "value": 133
      },
      {
        "name": "Reblogs",
        "value": 946
      }
    ],
    [
      {
        "name": "Date",
        "value": "10/4/2022"
      },
      {
        "name": "Favourites",
        "value": 2935
      },
      {
        "name": "Replies",
        "value": 133
      },
      {
        "name": "Reblogs",
        "value": 947
      }
    ],
    [
      {
        "name": "Date",
        "value": "10/5/2022"
      },
      {
        "name": "Favourites",
        "value": 2934
      },
      {
        "name": "Replies",
        "value": 133
      },
      {
        "name": "Reblogs",
        "value": 947
      }
    ],
    [
      {
        "name": "Date",
        "value": "10/6/2022"
      },
      {
        "name": "Favourites",
        "value": 2933
      },
      {
        "name": "Replies",
        "value": 133
      },
      {
        "name": "Reblogs",
        "value": 947
      }
    ],
    [
      {
        "name": "Date",
        "value": "10/7/2022"
      },
      {
        "name": "Favourites",
        "value": 2933
      },
      {
        "name": "Replies",
        "value": 133
      },
      {
        "name": "Reblogs",
        "value": 947
      }
    ],
    [
      {
        "name": "Date",
        "value": "10/8/2022"
      },
      {
        "name": "Favourites",
        "value": 2933
      },
      {
        "name": "Replies",
        "value": 133
      },
      {
        "name": "Reblogs",
        "value": 947
      }
    ],
    [
      {
        "name": "Date",
        "value": "10/9/2022"
      },
      {
        "name": "Favourites",
        "value": 2932
      },
      {
        "name": "Replies",
        "value": 133
      },
      {
        "name": "Reblogs",
        "value": 947
      }
    ],
    [
      {
        "name": "Date",
        "value": "10/10/2022"
      },
      {
        "name": "Favourites",
        "value": 2931
      },
      {
        "name": "Replies",
        "value": 133
      },
      {
        "name": "Reblogs",
        "value": 947
      }
    ],
    [
      {
        "name": "Date",
        "value": "10/11/2022"
      },
      {
        "name": "Favourites",
        "value": 2931
      },
      {
        "name": "Replies",
        "value": 133
      },
      {
        "name": "Reblogs",
        "value": 947
      }
    ],
    [
      {
        "name": "Date",
        "value": "10/12/2022"
      },
      {
        "name": "Favourites",
        "value": 2931
      },
      {
        "name": "Replies",
        "value": 133
      },
      {
        "name": "Reblogs",
        "value": 947
      }
    ],
    [
      {
        "name": "Date",
        "value": "10/13/2022"
      },
      {
        "name": "Favourites",
        "value": 2931
      },
      {
        "name": "Replies",
        "value": 133
      },
      {
        "name": "Reblogs",
        "value": 947
      }
    ],
    [
      {
        "name": "Date",
        "value": "10/14/2022"
      },
      {
        "name": "Favourites",
        "value": 2930
      },
      {
        "name": "Replies",
        "value": 133
      },
      {
        "name": "Reblogs",
        "value": 947
      }
    ],
    [
      {
        "name": "Date",
        "value": "10/15/2022"
      },
      {
        "name": "Favourites",
        "value": 2930
      },
      {
        "name": "Replies",
        "value": 133
      },
      {
        "name": "Reblogs",
        "value": 947
      }
    ]
  ],
  "image": "round",
  "__v": 35
}]