[{
  "_id": {
    "$oid": "62f4656c5ee8cff323523fce"
  },
  "id": "1",
  "stats": [
    {
      "name": "Clicks",
      "value": 1603915682
    }
  ],
  "misc": [
    {
      "name": "Name",
      "value": "Global Clicker V1"
    },
    {
      "name": "Image",
      "value": "/assets/gc/v1.png"
    },
    {
      "name": "Banner",
      "value": "/assets/gc/v1.png"
    },
    {
      "name": "Created",
      "value": null
    },
    {
      "name": "Link",
      "value": "http://global-clicker.mrcode.io/"
    }
  ],
  "data": [
    [
      {
        "name": "Date",
        "value": "8/10/2022"
      },
      {
        "name": "Clicks",
        "value": 1366471450
      }
    ],
    [
      {
        "name": "Date",
        "value": "8/11/2022"
      },
      {
        "name": "Clicks",
        "value": 1370334333
      }
    ],
    [
      {
        "name": "Date",
        "value": "8/13/2022"
      },
      {
        "name": "Clicks",
        "value": 1376343410
      }
    ],
    [
      {
        "name": "Date",
        "value": "8/18/2022"
      },
      {
        "name": "Clicks",
        "value": 1395698091
      }
    ],
    [
      {
        "name": "Date",
        "value": "8/19/2022"
      },
      {
        "name": "Clicks",
        "value": 1399443130
      }
    ],
    [
      {
        "name": "Date",
        "value": "8/20/2022"
      },
      {
        "name": "Clicks",
        "value": 1402195730
      }
    ],
    [
      {
        "name": "Date",
        "value": "8/21/2022"
      },
      {
        "name": "Clicks",
        "value": 1403887957
      }
    ],
    [
      {
        "name": "Date",
        "value": "8/22/2022"
      },
      {
        "name": "Clicks",
        "value": 1406064471
      }
    ],
    [
      {
        "name": "Date",
        "value": "8/23/2022"
      },
      {
        "name": "Clicks",
        "value": 1408915216
      }
    ],
    [
      {
        "name": "Date",
        "value": "8/24/2022"
      },
      {
        "name": "Clicks",
        "value": 1411618910
      }
    ],
    [
      {
        "name": "Date",
        "value": "8/25/2022"
      },
      {
        "name": "Clicks",
        "value": 1414348331
      }
    ],
    [
      {
        "name": "Date",
        "value": "8/26/2022"
      },
      {
        "name": "Clicks",
        "value": 1417991989
      }
    ],
    [
      {
        "name": "Date",
        "value": "8/27/2022"
      },
      {
        "name": "Clicks",
        "value": 1422817717
      }
    ],
    [
      {
        "name": "Date",
        "value": "8/28/2022"
      },
      {
        "name": "Clicks",
        "value": 1426851474
      }
    ],
    [
      {
        "name": "Date",
        "value": "8/29/2022"
      },
      {
        "name": "Clicks",
        "value": 1430075185
      }
    ],
    [
      {
        "name": "Date",
        "value": "8/30/2022"
      },
      {
        "name": "Clicks",
        "value": 1434241210
      }
    ],
    [
      {
        "name": "Date",
        "value": "8/31/2022"
      },
      {
        "name": "Clicks",
        "value": 1438304327
      }
    ],
    [
      {
        "name": "Date",
        "value": "9/1/2022"
      },
      {
        "name": "Clicks",
        "value": 1441087419
      }
    ],
    [
      {
        "name": "Date",
        "value": "9/2/2022"
      },
      {
        "name": "Clicks",
        "value": 1446443517
      }
    ],
    [
      {
        "name": "Date",
        "value": "9/3/2022"
      },
      {
        "name": "Clicks",
        "value": 1449357885
      }
    ],
    [
      {
        "name": "Date",
        "value": "9/4/2022"
      },
      {
        "name": "Clicks",
        "value": 1454801118
      }
    ],
    [
      {
        "name": "Date",
        "value": "9/5/2022"
      },
      {
        "name": "Clicks",
        "value": 1457495192
      }
    ],
    [
      {
        "name": "Date",
        "value": "9/6/2022"
      },
      {
        "name": "Clicks",
        "value": 1460333130
      }
    ],
    [
      {
        "name": "Date",
        "value": "9/7/2022"
      },
      {
        "name": "Clicks",
        "value": 1464385632
      }
    ],
    [
      {
        "name": "Date",
        "value": "9/8/2022"
      },
      {
        "name": "Clicks",
        "value": 1469417463
      }
    ],
    [
      {
        "name": "Date",
        "value": "9/9/2022"
      },
      {
        "name": "Clicks",
        "value": 1474575259
      }
    ],
    [
      {
        "name": "Date",
        "value": "9/10/2022"
      },
      {
        "name": "Clicks",
        "value": 1477976109
      }
    ],
    [
      {
        "name": "Date",
        "value": "9/11/2022"
      },
      {
        "name": "Clicks",
        "value": 1483873391
      }
    ],
    [
      {
        "name": "Date",
        "value": "9/12/2022"
      },
      {
        "name": "Clicks",
        "value": 1487624548
      }
    ],
    [
      {
        "name": "Date",
        "value": "9/13/2022"
      },
      {
        "name": "Clicks",
        "value": 1490557640
      }
    ],
    [
      {
        "name": "Date",
        "value": "9/14/2022"
      },
      {
        "name": "Clicks",
        "value": 1492827527
      }
    ],
    [
      {
        "name": "Date",
        "value": "9/15/2022"
      },
      {
        "name": "Clicks",
        "value": 1497397103
      }
    ],
    [
      {
        "name": "Date",
        "value": "9/16/2022"
      },
      {
        "name": "Clicks",
        "value": 1503963809
      }
    ],
    [
      {
        "name": "Date",
        "value": "9/17/2022"
      },
      {
        "name": "Clicks",
        "value": 1506936869
      }
    ],
    [
      {
        "name": "Date",
        "value": "9/18/2022"
      },
      {
        "name": "Clicks",
        "value": 1510349429
      }
    ],
    [
      {
        "name": "Date",
        "value": "9/19/2022"
      },
      {
        "name": "Clicks",
        "value": 1512413544
      }
    ],
    [
      {
        "name": "Date",
        "value": "9/18/2022"
      },
      {
        "name": "Clicks",
        "value": 1513344958
      }
    ],
    [
      {
        "name": "Date",
        "value": "9/19/2022"
      },
      {
        "name": "Clicks",
        "value": 1516083890
      }
    ],
    [
      {
        "name": "Date",
        "value": "9/20/2022"
      },
      {
        "name": "Clicks",
        "value": 1521872828
      }
    ],
    [
      {
        "name": "Date",
        "value": "9/21/2022"
      },
      {
        "name": "Clicks",
        "value": 1523051400
      }
    ],
    [
      {
        "name": "Date",
        "value": "9/20/2022"
      },
      {
        "name": "Clicks",
        "value": 1523666663
      }
    ],
    [
      {
        "name": "Date",
        "value": "9/21/2022"
      },
      {
        "name": "Clicks",
        "value": 1526001176
      }
    ],
    [
      {
        "name": "Date",
        "value": "9/22/2022"
      },
      {
        "name": "Clicks",
        "value": 1530354023
      }
    ],
    [
      {
        "name": "Date",
        "value": "9/23/2022"
      },
      {
        "name": "Clicks",
        "value": 1533704828
      }
    ],
    [
      {
        "name": "Date",
        "value": "9/24/2022"
      },
      {
        "name": "Clicks",
        "value": 1536078676
      }
    ],
    [
      {
        "name": "Date",
        "value": "9/25/2022"
      },
      {
        "name": "Clicks",
        "value": 1543846496
      }
    ],
    [
      {
        "name": "Date",
        "value": "9/26/2022"
      },
      {
        "name": "Clicks",
        "value": 1546593026
      }
    ],
    [
      {
        "name": "Date",
        "value": "9/27/2022"
      },
      {
        "name": "Clicks",
        "value": 1550505767
      }
    ],
    [
      {
        "name": "Date",
        "value": "9/28/2022"
      },
      {
        "name": "Clicks",
        "value": 1551650092
      }
    ],
    [
      {
        "name": "Date",
        "value": "9/29/2022"
      },
      {
        "name": "Clicks",
        "value": 1558395688
      }
    ],
    [
      {
        "name": "Date",
        "value": "9/30/2022"
      },
      {
        "name": "Clicks",
        "value": 1560921590
      }
    ],
    [
      {
        "name": "Date",
        "value": "10/1/2022"
      },
      {
        "name": "Clicks",
        "value": 1562991410
      }
    ],
    [
      {
        "name": "Date",
        "value": "10/2/2022"
      },
      {
        "name": "Clicks",
        "value": 1570597218
      }
    ],
    [
      {
        "name": "Date",
        "value": "10/3/2022"
      },
      {
        "name": "Clicks",
        "value": 1575077729
      }
    ],
    [
      {
        "name": "Date",
        "value": "10/4/2022"
      },
      {
        "name": "Clicks",
        "value": 1580174368
      }
    ],
    [
      {
        "name": "Date",
        "value": "10/5/2022"
      },
      {
        "name": "Clicks",
        "value": 1584981542
      }
    ],
    [
      {
        "name": "Date",
        "value": "10/6/2022"
      },
      {
        "name": "Clicks",
        "value": 1589381370
      }
    ],
    [
      {
        "name": "Date",
        "value": "10/7/2022"
      },
      {
        "name": "Clicks",
        "value": 1593790017
      }
    ],
    [
      {
        "name": "Date",
        "value": "10/8/2022"
      },
      {
        "name": "Clicks",
        "value": 1599134480
      }
    ],
    [
      {
        "name": "Date",
        "value": "10/9/2022"
      },
      {
        "name": "Clicks",
        "value": 1602580951
      }
    ],
    [
      {
        "name": "Date",
        "value": "10/10/2022"
      },
      {
        "name": "Clicks",
        "value": 1603915682
      }
    ]
  ],
  "image": "round",
  "__v": 76744
},{
  "_id": {
    "$oid": "62f466f45ee8cff323523fe6"
  },
  "id": "2",
  "stats": [
    {
      "name": "Clicks",
      "value": 308671655
    }
  ],
  "misc": [
    {
      "name": "Name",
      "value": "Global Clicker V2"
    },
    {
      "name": "Image",
      "value": "/assets/gc/v2.png"
    },
    {
      "name": "Banner",
      "value": "/assets/gc/v2.png"
    },
    {
      "name": "Created",
      "value": null
    },
    {
      "name": "Link",
      "value": "Deleted"
    }
  ],
  "data": [
    [
      {
        "name": "Date",
        "value": "8/10/2022"
      },
      {
        "name": "Clicks",
        "value": 308671655
      }
    ],
    [
      {
        "name": "Date",
        "value": "8/12/2022"
      },
      {
        "name": "Clicks",
        "value": 308671655
      }
    ],
    [
      {
        "name": "Date",
        "value": "8/13/2022"
      },
      {
        "name": "Clicks",
        "value": 308671655
      }
    ],
    [
      {
        "name": "Date",
        "value": "8/20/2022"
      },
      {
        "name": "Clicks",
        "value": 308671655
      }
    ],
    [
      {
        "name": "Date",
        "value": "8/21/2022"
      },
      {
        "name": "Clicks",
        "value": 308671655
      }
    ],
    [
      {
        "name": "Date",
        "value": "8/22/2022"
      },
      {
        "name": "Clicks",
        "value": 308671655
      }
    ],
    [
      {
        "name": "Date",
        "value": "8/23/2022"
      },
      {
        "name": "Clicks",
        "value": 308671655
      }
    ],
    [
      {
        "name": "Date",
        "value": "8/24/2022"
      },
      {
        "name": "Clicks",
        "value": 308671655
      }
    ],
    [
      {
        "name": "Date",
        "value": "8/25/2022"
      },
      {
        "name": "Clicks",
        "value": 308671655
      }
    ],
    [
      {
        "name": "Date",
        "value": "8/26/2022"
      },
      {
        "name": "Clicks",
        "value": 308671655
      }
    ],
    [
      {
        "name": "Date",
        "value": "8/27/2022"
      },
      {
        "name": "Clicks",
        "value": 308671655
      }
    ],
    [
      {
        "name": "Date",
        "value": "8/28/2022"
      },
      {
        "name": "Clicks",
        "value": 308671655
      }
    ],
    [
      {
        "name": "Date",
        "value": "8/29/2022"
      },
      {
        "name": "Clicks",
        "value": 308671655
      }
    ],
    [
      {
        "name": "Date",
        "value": "8/30/2022"
      },
      {
        "name": "Clicks",
        "value": 308671655
      }
    ],
    [
      {
        "name": "Date",
        "value": "8/31/2022"
      },
      {
        "name": "Clicks",
        "value": 308671655
      }
    ],
    [
      {
        "name": "Date",
        "value": "9/1/2022"
      },
      {
        "name": "Clicks",
        "value": 308671655
      }
    ],
    [
      {
        "name": "Date",
        "value": "9/2/2022"
      },
      {
        "name": "Clicks",
        "value": 308671655
      }
    ],
    [
      {
        "name": "Date",
        "value": "9/3/2022"
      },
      {
        "name": "Clicks",
        "value": 308671655
      }
    ],
    [
      {
        "name": "Date",
        "value": "9/4/2022"
      },
      {
        "name": "Clicks",
        "value": 308671655
      }
    ],
    [
      {
        "name": "Date",
        "value": "9/5/2022"
      },
      {
        "name": "Clicks",
        "value": 308671655
      }
    ],
    [
      {
        "name": "Date",
        "value": "9/6/2022"
      },
      {
        "name": "Clicks",
        "value": 308671655
      }
    ],
    [
      {
        "name": "Date",
        "value": "9/7/2022"
      },
      {
        "name": "Clicks",
        "value": 308671655
      }
    ],
    [
      {
        "name": "Date",
        "value": "9/8/2022"
      },
      {
        "name": "Clicks",
        "value": 308671655
      }
    ],
    [
      {
        "name": "Date",
        "value": "9/9/2022"
      },
      {
        "name": "Clicks",
        "value": 308671655
      }
    ],
    [
      {
        "name": "Date",
        "value": "9/10/2022"
      },
      {
        "name": "Clicks",
        "value": 308671655
      }
    ],
    [
      {
        "name": "Date",
        "value": "9/11/2022"
      },
      {
        "name": "Clicks",
        "value": 308671655
      }
    ],
    [
      {
        "name": "Date",
        "value": "9/12/2022"
      },
      {
        "name": "Clicks",
        "value": 308671655
      }
    ],
    [
      {
        "name": "Date",
        "value": "9/13/2022"
      },
      {
        "name": "Clicks",
        "value": 308671655
      }
    ],
    [
      {
        "name": "Date",
        "value": "9/14/2022"
      },
      {
        "name": "Clicks",
        "value": 308671655
      }
    ],
    [
      {
        "name": "Date",
        "value": "9/15/2022"
      },
      {
        "name": "Clicks",
        "value": 308671655
      }
    ],
    [
      {
        "name": "Date",
        "value": "9/16/2022"
      },
      {
        "name": "Clicks",
        "value": 308671655
      }
    ],
    [
      {
        "name": "Date",
        "value": "9/17/2022"
      },
      {
        "name": "Clicks",
        "value": 308671655
      }
    ],
    [
      {
        "name": "Date",
        "value": "9/18/2022"
      },
      {
        "name": "Clicks",
        "value": 308671655
      }
    ],
    [
      {
        "name": "Date",
        "value": "9/19/2022"
      },
      {
        "name": "Clicks",
        "value": 308671655
      }
    ],
    [
      {
        "name": "Date",
        "value": "9/20/2022"
      },
      {
        "name": "Clicks",
        "value": 308671655
      }
    ],
    [
      {
        "name": "Date",
        "value": "9/21/2022"
      },
      {
        "name": "Clicks",
        "value": 308671655
      }
    ],
    [
      {
        "name": "Date",
        "value": "9/22/2022"
      },
      {
        "name": "Clicks",
        "value": 308671655
      }
    ],
    [
      {
        "name": "Date",
        "value": "9/23/2022"
      },
      {
        "name": "Clicks",
        "value": 308671655
      }
    ],
    [
      {
        "name": "Date",
        "value": "9/24/2022"
      },
      {
        "name": "Clicks",
        "value": 308671655
      }
    ],
    [
      {
        "name": "Date",
        "value": "9/25/2022"
      },
      {
        "name": "Clicks",
        "value": 308671655
      }
    ],
    [
      {
        "name": "Date",
        "value": "9/26/2022"
      },
      {
        "name": "Clicks",
        "value": 308671655
      }
    ],
    [
      {
        "name": "Date",
        "value": "9/27/2022"
      },
      {
        "name": "Clicks",
        "value": 308671655
      }
    ],
    [
      {
        "name": "Date",
        "value": "9/28/2022"
      },
      {
        "name": "Clicks",
        "value": 308671655
      }
    ],
    [
      {
        "name": "Date",
        "value": "9/29/2022"
      },
      {
        "name": "Clicks",
        "value": 308671655
      }
    ],
    [
      {
        "name": "Date",
        "value": "9/30/2022"
      },
      {
        "name": "Clicks",
        "value": 308671655
      }
    ],
    [
      {
        "name": "Date",
        "value": "10/1/2022"
      },
      {
        "name": "Clicks",
        "value": 308671655
      }
    ],
    [
      {
        "name": "Date",
        "value": "10/2/2022"
      },
      {
        "name": "Clicks",
        "value": 308671655
      }
    ],
    [
      {
        "name": "Date",
        "value": "10/3/2022"
      },
      {
        "name": "Clicks",
        "value": 308671655
      }
    ],
    [
      {
        "name": "Date",
        "value": "10/4/2022"
      },
      {
        "name": "Clicks",
        "value": 308671655
      }
    ],
    [
      {
        "name": "Date",
        "value": "10/5/2022"
      },
      {
        "name": "Clicks",
        "value": 308671655
      }
    ],
    [
      {
        "name": "Date",
        "value": "10/6/2022"
      },
      {
        "name": "Clicks",
        "value": 308671655
      }
    ],
    [
      {
        "name": "Date",
        "value": "10/7/2022"
      },
      {
        "name": "Clicks",
        "value": 308671655
      }
    ],
    [
      {
        "name": "Date",
        "value": "10/8/2022"
      },
      {
        "name": "Clicks",
        "value": 308671655
      }
    ],
    [
      {
        "name": "Date",
        "value": "10/9/2022"
      },
      {
        "name": "Clicks",
        "value": 308671655
      }
    ],
    [
      {
        "name": "Date",
        "value": "10/10/2022"
      },
      {
        "name": "Clicks",
        "value": 308671655
      }
    ],
    [
      {
        "name": "Date",
        "value": "10/11/2022"
      },
      {
        "name": "Clicks",
        "value": 308671655
      }
    ],
    [
      {
        "name": "Date",
        "value": "10/12/2022"
      },
      {
        "name": "Clicks",
        "value": 308671655
      }
    ],
    [
      {
        "name": "Date",
        "value": "10/13/2022"
      },
      {
        "name": "Clicks",
        "value": 308671655
      }
    ],
    [
      {
        "name": "Date",
        "value": "10/14/2022"
      },
      {
        "name": "Clicks",
        "value": 308671655
      }
    ],
    [
      {
        "name": "Date",
        "value": "10/15/2022"
      },
      {
        "name": "Clicks",
        "value": 308671655
      }
    ]
  ],
  "image": "round",
  "__v": 3066
},{
  "_id": {
    "$oid": "62f466f65ee8cff323523fe7"
  },
  "id": "3",
  "stats": [
    {
      "name": "Clicks",
      "value": 18774903
    }
  ],
  "misc": [
    {
      "name": "Name",
      "value": "Global Clicker V3"
    },
    {
      "name": "Image",
      "value": "/assets/gc/v3.png"
    },
    {
      "name": "Banner",
      "value": "/assets/gc/v3.png"
    },
    {
      "name": "Created",
      "value": null
    },
    {
      "name": "Link",
      "value": "Deleted"
    }
  ],
  "data": [
    [
      {
        "name": "Date",
        "value": "8/10/2022"
      },
      {
        "name": "Clicks",
        "value": 18774903
      }
    ],
    [
      {
        "name": "Date",
        "value": "8/13/2022"
      },
      {
        "name": "Clicks",
        "value": 18774903
      }
    ],
    [
      {
        "name": "Date",
        "value": "8/20/2022"
      },
      {
        "name": "Clicks",
        "value": 18774903
      }
    ],
    [
      {
        "name": "Date",
        "value": "8/21/2022"
      },
      {
        "name": "Clicks",
        "value": 18774903
      }
    ],
    [
      {
        "name": "Date",
        "value": "8/22/2022"
      },
      {
        "name": "Clicks",
        "value": 18774903
      }
    ],
    [
      {
        "name": "Date",
        "value": "8/23/2022"
      },
      {
        "name": "Clicks",
        "value": 18774903
      }
    ],
    [
      {
        "name": "Date",
        "value": "8/24/2022"
      },
      {
        "name": "Clicks",
        "value": 18774903
      }
    ],
    [
      {
        "name": "Date",
        "value": "8/25/2022"
      },
      {
        "name": "Clicks",
        "value": 18774903
      }
    ],
    [
      {
        "name": "Date",
        "value": "8/26/2022"
      },
      {
        "name": "Clicks",
        "value": 18774903
      }
    ],
    [
      {
        "name": "Date",
        "value": "8/27/2022"
      },
      {
        "name": "Clicks",
        "value": 18774903
      }
    ],
    [
      {
        "name": "Date",
        "value": "8/28/2022"
      },
      {
        "name": "Clicks",
        "value": 18774903
      }
    ],
    [
      {
        "name": "Date",
        "value": "8/29/2022"
      },
      {
        "name": "Clicks",
        "value": 18774903
      }
    ],
    [
      {
        "name": "Date",
        "value": "8/30/2022"
      },
      {
        "name": "Clicks",
        "value": 18774903
      }
    ],
    [
      {
        "name": "Date",
        "value": "8/31/2022"
      },
      {
        "name": "Clicks",
        "value": 18774903
      }
    ],
    [
      {
        "name": "Date",
        "value": "9/1/2022"
      },
      {
        "name": "Clicks",
        "value": 18774903
      }
    ],
    [
      {
        "name": "Date",
        "value": "9/2/2022"
      },
      {
        "name": "Clicks",
        "value": 18774903
      }
    ],
    [
      {
        "name": "Date",
        "value": "9/3/2022"
      },
      {
        "name": "Clicks",
        "value": 18774903
      }
    ],
    [
      {
        "name": "Date",
        "value": "9/4/2022"
      },
      {
        "name": "Clicks",
        "value": 18774903
      }
    ],
    [
      {
        "name": "Date",
        "value": "9/5/2022"
      },
      {
        "name": "Clicks",
        "value": 18774903
      }
    ],
    [
      {
        "name": "Date",
        "value": "9/6/2022"
      },
      {
        "name": "Clicks",
        "value": 18774903
      }
    ],
    [
      {
        "name": "Date",
        "value": "9/7/2022"
      },
      {
        "name": "Clicks",
        "value": 18774903
      }
    ],
    [
      {
        "name": "Date",
        "value": "9/8/2022"
      },
      {
        "name": "Clicks",
        "value": 18774903
      }
    ],
    [
      {
        "name": "Date",
        "value": "9/9/2022"
      },
      {
        "name": "Clicks",
        "value": 18774903
      }
    ],
    [
      {
        "name": "Date",
        "value": "9/10/2022"
      },
      {
        "name": "Clicks",
        "value": 18774903
      }
    ],
    [
      {
        "name": "Date",
        "value": "9/11/2022"
      },
      {
        "name": "Clicks",
        "value": 18774903
      }
    ],
    [
      {
        "name": "Date",
        "value": "9/12/2022"
      },
      {
        "name": "Clicks",
        "value": 18774903
      }
    ],
    [
      {
        "name": "Date",
        "value": "9/13/2022"
      },
      {
        "name": "Clicks",
        "value": 18774903
      }
    ],
    [
      {
        "name": "Date",
        "value": "9/14/2022"
      },
      {
        "name": "Clicks",
        "value": 18774903
      }
    ],
    [
      {
        "name": "Date",
        "value": "9/15/2022"
      },
      {
        "name": "Clicks",
        "value": 18774903
      }
    ],
    [
      {
        "name": "Date",
        "value": "9/16/2022"
      },
      {
        "name": "Clicks",
        "value": 18774903
      }
    ],
    [
      {
        "name": "Date",
        "value": "9/17/2022"
      },
      {
        "name": "Clicks",
        "value": 18774903
      }
    ],
    [
      {
        "name": "Date",
        "value": "9/18/2022"
      },
      {
        "name": "Clicks",
        "value": 18774903
      }
    ],
    [
      {
        "name": "Date",
        "value": "9/19/2022"
      },
      {
        "name": "Clicks",
        "value": 18774903
      }
    ],
    [
      {
        "name": "Date",
        "value": "9/20/2022"
      },
      {
        "name": "Clicks",
        "value": 18774903
      }
    ],
    [
      {
        "name": "Date",
        "value": "9/21/2022"
      },
      {
        "name": "Clicks",
        "value": 18774903
      }
    ],
    [
      {
        "name": "Date",
        "value": "9/22/2022"
      },
      {
        "name": "Clicks",
        "value": 18774903
      }
    ],
    [
      {
        "name": "Date",
        "value": "9/23/2022"
      },
      {
        "name": "Clicks",
        "value": 18774903
      }
    ],
    [
      {
        "name": "Date",
        "value": "9/24/2022"
      },
      {
        "name": "Clicks",
        "value": 18774903
      }
    ],
    [
      {
        "name": "Date",
        "value": "9/25/2022"
      },
      {
        "name": "Clicks",
        "value": 18774903
      }
    ],
    [
      {
        "name": "Date",
        "value": "9/26/2022"
      },
      {
        "name": "Clicks",
        "value": 18774903
      }
    ],
    [
      {
        "name": "Date",
        "value": "9/27/2022"
      },
      {
        "name": "Clicks",
        "value": 18774903
      }
    ],
    [
      {
        "name": "Date",
        "value": "9/28/2022"
      },
      {
        "name": "Clicks",
        "value": 18774903
      }
    ],
    [
      {
        "name": "Date",
        "value": "9/29/2022"
      },
      {
        "name": "Clicks",
        "value": 18774903
      }
    ],
    [
      {
        "name": "Date",
        "value": "9/30/2022"
      },
      {
        "name": "Clicks",
        "value": 18774903
      }
    ],
    [
      {
        "name": "Date",
        "value": "10/1/2022"
      },
      {
        "name": "Clicks",
        "value": 18774903
      }
    ],
    [
      {
        "name": "Date",
        "value": "10/2/2022"
      },
      {
        "name": "Clicks",
        "value": 18774903
      }
    ],
    [
      {
        "name": "Date",
        "value": "10/3/2022"
      },
      {
        "name": "Clicks",
        "value": 18774903
      }
    ],
    [
      {
        "name": "Date",
        "value": "10/4/2022"
      },
      {
        "name": "Clicks",
        "value": 18774903
      }
    ],
    [
      {
        "name": "Date",
        "value": "10/5/2022"
      },
      {
        "name": "Clicks",
        "value": 18774903
      }
    ],
    [
      {
        "name": "Date",
        "value": "10/6/2022"
      },
      {
        "name": "Clicks",
        "value": 18774903
      }
    ],
    [
      {
        "name": "Date",
        "value": "10/7/2022"
      },
      {
        "name": "Clicks",
        "value": 18774903
      }
    ],
    [
      {
        "name": "Date",
        "value": "10/8/2022"
      },
      {
        "name": "Clicks",
        "value": 18774903
      }
    ],
    [
      {
        "name": "Date",
        "value": "10/9/2022"
      },
      {
        "name": "Clicks",
        "value": 18774903
      }
    ],
    [
      {
        "name": "Date",
        "value": "10/10/2022"
      },
      {
        "name": "Clicks",
        "value": 18774903
      }
    ],
    [
      {
        "name": "Date",
        "value": "10/11/2022"
      },
      {
        "name": "Clicks",
        "value": 18774903
      }
    ],
    [
      {
        "name": "Date",
        "value": "10/12/2022"
      },
      {
        "name": "Clicks",
        "value": 18774903
      }
    ],
    [
      {
        "name": "Date",
        "value": "10/13/2022"
      },
      {
        "name": "Clicks",
        "value": 18774903
      }
    ],
    [
      {
        "name": "Date",
        "value": "10/14/2022"
      },
      {
        "name": "Clicks",
        "value": 18774903
      }
    ],
    [
      {
        "name": "Date",
        "value": "10/15/2022"
      },
      {
        "name": "Clicks",
        "value": 18774903
      }
    ]
  ],
  "image": "round",
  "__v": 2710
},{
  "_id": {
    "$oid": "62f466f85ee8cff323523fe8"
  },
  "id": "4",
  "stats": [
    {
      "name": "Clicks",
      "value": 55600000
    }
  ],
  "misc": [
    {
      "name": "Name",
      "value": "Global Clicker V4"
    },
    {
      "name": "Image",
      "value": "/assets/gc/v4.png"
    },
    {
      "name": "Banner",
      "value": "/assets/gc/v4.png"
    },
    {
      "name": "Created",
      "value": null
    },
    {
      "name": "Link",
      "value": "Deleted"
    }
  ],
  "data": [
    [
      {
        "name": "Date",
        "value": "8/10/2022"
      },
      {
        "name": "Clicks",
        "value": 55600000
      }
    ],
    [
      {
        "name": "Date",
        "value": "8/13/2022"
      },
      {
        "name": "Clicks",
        "value": 55600000
      }
    ],
    [
      {
        "name": "Date",
        "value": "8/20/2022"
      },
      {
        "name": "Clicks",
        "value": 55600000
      }
    ],
    [
      {
        "name": "Date",
        "value": "8/21/2022"
      },
      {
        "name": "Clicks",
        "value": 55600000
      }
    ],
    [
      {
        "name": "Date",
        "value": "8/22/2022"
      },
      {
        "name": "Clicks",
        "value": 55600000
      }
    ],
    [
      {
        "name": "Date",
        "value": "8/23/2022"
      },
      {
        "name": "Clicks",
        "value": 55600000
      }
    ],
    [
      {
        "name": "Date",
        "value": "8/24/2022"
      },
      {
        "name": "Clicks",
        "value": 55600000
      }
    ],
    [
      {
        "name": "Date",
        "value": "8/25/2022"
      },
      {
        "name": "Clicks",
        "value": 55600000
      }
    ],
    [
      {
        "name": "Date",
        "value": "8/26/2022"
      },
      {
        "name": "Clicks",
        "value": 55600000
      }
    ],
    [
      {
        "name": "Date",
        "value": "8/27/2022"
      },
      {
        "name": "Clicks",
        "value": 55600000
      }
    ],
    [
      {
        "name": "Date",
        "value": "8/28/2022"
      },
      {
        "name": "Clicks",
        "value": 55600000
      }
    ],
    [
      {
        "name": "Date",
        "value": "8/29/2022"
      },
      {
        "name": "Clicks",
        "value": 55600000
      }
    ],
    [
      {
        "name": "Date",
        "value": "8/30/2022"
      },
      {
        "name": "Clicks",
        "value": 55600000
      }
    ],
    [
      {
        "name": "Date",
        "value": "8/31/2022"
      },
      {
        "name": "Clicks",
        "value": 55600000
      }
    ],
    [
      {
        "name": "Date",
        "value": "9/1/2022"
      },
      {
        "name": "Clicks",
        "value": 55600000
      }
    ],
    [
      {
        "name": "Date",
        "value": "9/2/2022"
      },
      {
        "name": "Clicks",
        "value": 55600000
      }
    ],
    [
      {
        "name": "Date",
        "value": "9/3/2022"
      },
      {
        "name": "Clicks",
        "value": 55600000
      }
    ],
    [
      {
        "name": "Date",
        "value": "9/4/2022"
      },
      {
        "name": "Clicks",
        "value": 55600000
      }
    ],
    [
      {
        "name": "Date",
        "value": "9/5/2022"
      },
      {
        "name": "Clicks",
        "value": 55600000
      }
    ],
    [
      {
        "name": "Date",
        "value": "9/6/2022"
      },
      {
        "name": "Clicks",
        "value": 55600000
      }
    ],
    [
      {
        "name": "Date",
        "value": "9/7/2022"
      },
      {
        "name": "Clicks",
        "value": 55600000
      }
    ],
    [
      {
        "name": "Date",
        "value": "9/8/2022"
      },
      {
        "name": "Clicks",
        "value": 55600000
      }
    ],
    [
      {
        "name": "Date",
        "value": "9/9/2022"
      },
      {
        "name": "Clicks",
        "value": 55600000
      }
    ],
    [
      {
        "name": "Date",
        "value": "9/10/2022"
      },
      {
        "name": "Clicks",
        "value": 55600000
      }
    ],
    [
      {
        "name": "Date",
        "value": "9/11/2022"
      },
      {
        "name": "Clicks",
        "value": 55600000
      }
    ],
    [
      {
        "name": "Date",
        "value": "9/12/2022"
      },
      {
        "name": "Clicks",
        "value": 55600000
      }
    ],
    [
      {
        "name": "Date",
        "value": "9/13/2022"
      },
      {
        "name": "Clicks",
        "value": 55600000
      }
    ],
    [
      {
        "name": "Date",
        "value": "9/14/2022"
      },
      {
        "name": "Clicks",
        "value": 55600000
      }
    ],
    [
      {
        "name": "Date",
        "value": "9/15/2022"
      },
      {
        "name": "Clicks",
        "value": 55600000
      }
    ],
    [
      {
        "name": "Date",
        "value": "9/16/2022"
      },
      {
        "name": "Clicks",
        "value": 55600000
      }
    ],
    [
      {
        "name": "Date",
        "value": "9/17/2022"
      },
      {
        "name": "Clicks",
        "value": 55600000
      }
    ],
    [
      {
        "name": "Date",
        "value": "9/18/2022"
      },
      {
        "name": "Clicks",
        "value": 55600000
      }
    ],
    [
      {
        "name": "Date",
        "value": "9/19/2022"
      },
      {
        "name": "Clicks",
        "value": 55600000
      }
    ],
    [
      {
        "name": "Date",
        "value": "9/20/2022"
      },
      {
        "name": "Clicks",
        "value": 55600000
      }
    ],
    [
      {
        "name": "Date",
        "value": "9/21/2022"
      },
      {
        "name": "Clicks",
        "value": 55600000
      }
    ],
    [
      {
        "name": "Date",
        "value": "9/22/2022"
      },
      {
        "name": "Clicks",
        "value": 55600000
      }
    ],
    [
      {
        "name": "Date",
        "value": "9/23/2022"
      },
      {
        "name": "Clicks",
        "value": 55600000
      }
    ],
    [
      {
        "name": "Date",
        "value": "9/24/2022"
      },
      {
        "name": "Clicks",
        "value": 55600000
      }
    ],
    [
      {
        "name": "Date",
        "value": "9/25/2022"
      },
      {
        "name": "Clicks",
        "value": 55600000
      }
    ],
    [
      {
        "name": "Date",
        "value": "9/26/2022"
      },
      {
        "name": "Clicks",
        "value": 55600000
      }
    ],
    [
      {
        "name": "Date",
        "value": "9/27/2022"
      },
      {
        "name": "Clicks",
        "value": 55600000
      }
    ],
    [
      {
        "name": "Date",
        "value": "9/28/2022"
      },
      {
        "name": "Clicks",
        "value": 55600000
      }
    ],
    [
      {
        "name": "Date",
        "value": "9/29/2022"
      },
      {
        "name": "Clicks",
        "value": 55600000
      }
    ],
    [
      {
        "name": "Date",
        "value": "9/30/2022"
      },
      {
        "name": "Clicks",
        "value": 55600000
      }
    ],
    [
      {
        "name": "Date",
        "value": "10/1/2022"
      },
      {
        "name": "Clicks",
        "value": 55600000
      }
    ],
    [
      {
        "name": "Date",
        "value": "10/2/2022"
      },
      {
        "name": "Clicks",
        "value": 55600000
      }
    ],
    [
      {
        "name": "Date",
        "value": "10/3/2022"
      },
      {
        "name": "Clicks",
        "value": 55600000
      }
    ],
    [
      {
        "name": "Date",
        "value": "10/4/2022"
      },
      {
        "name": "Clicks",
        "value": 55600000
      }
    ],
    [
      {
        "name": "Date",
        "value": "10/5/2022"
      },
      {
        "name": "Clicks",
        "value": 55600000
      }
    ],
    [
      {
        "name": "Date",
        "value": "10/6/2022"
      },
      {
        "name": "Clicks",
        "value": 55600000
      }
    ],
    [
      {
        "name": "Date",
        "value": "10/7/2022"
      },
      {
        "name": "Clicks",
        "value": 55600000
      }
    ],
    [
      {
        "name": "Date",
        "value": "10/8/2022"
      },
      {
        "name": "Clicks",
        "value": 55600000
      }
    ],
    [
      {
        "name": "Date",
        "value": "10/9/2022"
      },
      {
        "name": "Clicks",
        "value": 55600000
      }
    ],
    [
      {
        "name": "Date",
        "value": "10/10/2022"
      },
      {
        "name": "Clicks",
        "value": 55600000
      }
    ],
    [
      {
        "name": "Date",
        "value": "10/11/2022"
      },
      {
        "name": "Clicks",
        "value": 55600000
      }
    ],
    [
      {
        "name": "Date",
        "value": "10/12/2022"
      },
      {
        "name": "Clicks",
        "value": 55600000
      }
    ],
    [
      {
        "name": "Date",
        "value": "10/13/2022"
      },
      {
        "name": "Clicks",
        "value": 55600000
      }
    ],
    [
      {
        "name": "Date",
        "value": "10/14/2022"
      },
      {
        "name": "Clicks",
        "value": 55600000
      }
    ],
    [
      {
        "name": "Date",
        "value": "10/15/2022"
      },
      {
        "name": "Clicks",
        "value": 55600000
      }
    ]
  ],
  "image": "round",
  "__v": 1609
},{
  "_id": {
    "$oid": "62f466fa5ee8cff323523fe9"
  },
  "id": "5",
  "stats": [
    {
      "name": "Clicks",
      "value": 564310
    }
  ],
  "misc": [
    {
      "name": "Name",
      "value": "Global Clicker V5"
    },
    {
      "name": "Image",
      "value": "/assets/gc/v5.png"
    },
    {
      "name": "Banner",
      "value": "/assets/gc/v5.png"
    },
    {
      "name": "Created",
      "value": null
    },
    {
      "name": "Link",
      "value": "https://scratch.mit.edu/projects/459730402/"
    }
  ],
  "data": [
    [
      {
        "name": "Date",
        "value": "8/10/2022"
      },
      {
        "name": "Clicks",
        "value": 563586
      }
    ],
    [
      {
        "name": "Date",
        "value": "8/13/2022"
      },
      {
        "name": "Clicks",
        "value": 563624
      }
    ],
    [
      {
        "name": "Date",
        "value": "8/20/2022"
      },
      {
        "name": "Clicks",
        "value": 563649
      }
    ],
    [
      {
        "name": "Date",
        "value": "8/21/2022"
      },
      {
        "name": "Clicks",
        "value": 563649
      }
    ],
    [
      {
        "name": "Date",
        "value": "8/22/2022"
      },
      {
        "name": "Clicks",
        "value": 563649
      }
    ],
    [
      {
        "name": "Date",
        "value": "8/23/2022"
      },
      {
        "name": "Clicks",
        "value": 563649
      }
    ],
    [
      {
        "name": "Date",
        "value": "8/24/2022"
      },
      {
        "name": "Clicks",
        "value": 563649
      }
    ],
    [
      {
        "name": "Date",
        "value": "8/25/2022"
      },
      {
        "name": "Clicks",
        "value": 563649
      }
    ],
    [
      {
        "name": "Date",
        "value": "8/26/2022"
      },
      {
        "name": "Clicks",
        "value": 563649
      }
    ],
    [
      {
        "name": "Date",
        "value": "8/27/2022"
      },
      {
        "name": "Clicks",
        "value": 563649
      }
    ],
    [
      {
        "name": "Date",
        "value": "8/28/2022"
      },
      {
        "name": "Clicks",
        "value": 563649
      }
    ],
    [
      {
        "name": "Date",
        "value": "8/29/2022"
      },
      {
        "name": "Clicks",
        "value": 563649
      }
    ],
    [
      {
        "name": "Date",
        "value": "8/30/2022"
      },
      {
        "name": "Clicks",
        "value": 563649
      }
    ],
    [
      {
        "name": "Date",
        "value": "8/31/2022"
      },
      {
        "name": "Clicks",
        "value": 563649
      }
    ],
    [
      {
        "name": "Date",
        "value": "9/1/2022"
      },
      {
        "name": "Clicks",
        "value": 563649
      }
    ],
    [
      {
        "name": "Date",
        "value": "9/2/2022"
      },
      {
        "name": "Clicks",
        "value": 563649
      }
    ],
    [
      {
        "name": "Date",
        "value": "9/3/2022"
      },
      {
        "name": "Clicks",
        "value": 563649
      }
    ],
    [
      {
        "name": "Date",
        "value": "9/4/2022"
      },
      {
        "name": "Clicks",
        "value": 563649
      }
    ],
    [
      {
        "name": "Date",
        "value": "9/5/2022"
      },
      {
        "name": "Clicks",
        "value": 563649
      }
    ],
    [
      {
        "name": "Date",
        "value": "9/6/2022"
      },
      {
        "name": "Clicks",
        "value": 563649
      }
    ],
    [
      {
        "name": "Date",
        "value": "9/7/2022"
      },
      {
        "name": "Clicks",
        "value": 563649
      }
    ],
    [
      {
        "name": "Date",
        "value": "9/8/2022"
      },
      {
        "name": "Clicks",
        "value": 563649
      }
    ],
    [
      {
        "name": "Date",
        "value": "9/9/2022"
      },
      {
        "name": "Clicks",
        "value": 563649
      }
    ],
    [
      {
        "name": "Date",
        "value": "9/10/2022"
      },
      {
        "name": "Clicks",
        "value": 563649
      }
    ],
    [
      {
        "name": "Date",
        "value": "9/11/2022"
      },
      {
        "name": "Clicks",
        "value": 564223
      }
    ],
    [
      {
        "name": "Date",
        "value": "9/12/2022"
      },
      {
        "name": "Clicks",
        "value": 564223
      }
    ],
    [
      {
        "name": "Date",
        "value": "9/13/2022"
      },
      {
        "name": "Clicks",
        "value": 564223
      }
    ],
    [
      {
        "name": "Date",
        "value": "9/14/2022"
      },
      {
        "name": "Clicks",
        "value": 564223
      }
    ],
    [
      {
        "name": "Date",
        "value": "9/15/2022"
      },
      {
        "name": "Clicks",
        "value": 564223
      }
    ],
    [
      {
        "name": "Date",
        "value": "9/16/2022"
      },
      {
        "name": "Clicks",
        "value": 564223
      }
    ],
    [
      {
        "name": "Date",
        "value": "9/17/2022"
      },
      {
        "name": "Clicks",
        "value": 564223
      }
    ],
    [
      {
        "name": "Date",
        "value": "9/18/2022"
      },
      {
        "name": "Clicks",
        "value": 564223
      }
    ],
    [
      {
        "name": "Date",
        "value": "9/19/2022"
      },
      {
        "name": "Clicks",
        "value": 564223
      }
    ],
    [
      {
        "name": "Date",
        "value": "9/20/2022"
      },
      {
        "name": "Clicks",
        "value": 564223
      }
    ],
    [
      {
        "name": "Date",
        "value": "9/21/2022"
      },
      {
        "name": "Clicks",
        "value": 564223
      }
    ],
    [
      {
        "name": "Date",
        "value": "9/22/2022"
      },
      {
        "name": "Clicks",
        "value": 564223
      }
    ],
    [
      {
        "name": "Date",
        "value": "9/23/2022"
      },
      {
        "name": "Clicks",
        "value": 564223
      }
    ],
    [
      {
        "name": "Date",
        "value": "9/24/2022"
      },
      {
        "name": "Clicks",
        "value": 564223
      }
    ],
    [
      {
        "name": "Date",
        "value": "9/25/2022"
      },
      {
        "name": "Clicks",
        "value": 564223
      }
    ],
    [
      {
        "name": "Date",
        "value": "9/26/2022"
      },
      {
        "name": "Clicks",
        "value": 564284
      }
    ],
    [
      {
        "name": "Date",
        "value": "9/27/2022"
      },
      {
        "name": "Clicks",
        "value": 564284
      }
    ],
    [
      {
        "name": "Date",
        "value": "9/28/2022"
      },
      {
        "name": "Clicks",
        "value": 564284
      }
    ],
    [
      {
        "name": "Date",
        "value": "9/29/2022"
      },
      {
        "name": "Clicks",
        "value": 564284
      }
    ],
    [
      {
        "name": "Date",
        "value": "9/30/2022"
      },
      {
        "name": "Clicks",
        "value": 564284
      }
    ],
    [
      {
        "name": "Date",
        "value": "10/1/2022"
      },
      {
        "name": "Clicks",
        "value": 564284
      }
    ],
    [
      {
        "name": "Date",
        "value": "10/2/2022"
      },
      {
        "name": "Clicks",
        "value": 564284
      }
    ],
    [
      {
        "name": "Date",
        "value": "10/3/2022"
      },
      {
        "name": "Clicks",
        "value": 564284
      }
    ],
    [
      {
        "name": "Date",
        "value": "10/4/2022"
      },
      {
        "name": "Clicks",
        "value": 564284
      }
    ],
    [
      {
        "name": "Date",
        "value": "10/5/2022"
      },
      {
        "name": "Clicks",
        "value": 564284
      }
    ],
    [
      {
        "name": "Date",
        "value": "10/6/2022"
      },
      {
        "name": "Clicks",
        "value": 564284
      }
    ],
    [
      {
        "name": "Date",
        "value": "10/7/2022"
      },
      {
        "name": "Clicks",
        "value": 564310
      }
    ],
    [
      {
        "name": "Date",
        "value": "10/8/2022"
      },
      {
        "name": "Clicks",
        "value": 564310
      }
    ],
    [
      {
        "name": "Date",
        "value": "10/9/2022"
      },
      {
        "name": "Clicks",
        "value": 564310
      }
    ],
    [
      {
        "name": "Date",
        "value": "10/10/2022"
      },
      {
        "name": "Clicks",
        "value": 564310
      }
    ],
    [
      {
        "name": "Date",
        "value": "10/11/2022"
      },
      {
        "name": "Clicks",
        "value": 564310
      }
    ],
    [
      {
        "name": "Date",
        "value": "10/12/2022"
      },
      {
        "name": "Clicks",
        "value": 564310
      }
    ],
    [
      {
        "name": "Date",
        "value": "10/13/2022"
      },
      {
        "name": "Clicks",
        "value": 564310
      }
    ],
    [
      {
        "name": "Date",
        "value": "10/14/2022"
      },
      {
        "name": "Clicks",
        "value": 564310
      }
    ],
    [
      {
        "name": "Date",
        "value": "10/15/2022"
      },
      {
        "name": "Clicks",
        "value": 564310
      }
    ]
  ],
  "image": "round",
  "__v": 24958
},{
  "_id": {
    "$oid": "62f466fb5ee8cff323523fea"
  },
  "id": "6",
  "stats": [
    {
      "name": "Clicks",
      "value": 104635190
    }
  ],
  "misc": [
    {
      "name": "Name",
      "value": "Global Clicker V6"
    },
    {
      "name": "Image",
      "value": "/assets/gc/v6.png"
    },
    {
      "name": "Banner",
      "value": "/assets/gc/v6.png"
    },
    {
      "name": "Created",
      "value": null
    },
    {
      "name": "Link",
      "value": "Deleted"
    }
  ],
  "data": [
    [
      {
        "name": "Date",
        "value": "8/10/2022"
      },
      {
        "name": "Clicks",
        "value": 104635190
      }
    ],
    [
      {
        "name": "Date",
        "value": "8/11/2022"
      },
      {
        "name": "Clicks",
        "value": 104635190
      }
    ],
    [
      {
        "name": "Date",
        "value": "8/12/2022"
      },
      {
        "name": "Clicks",
        "value": 104635190
      }
    ],
    [
      {
        "name": "Date",
        "value": "8/13/2022"
      },
      {
        "name": "Clicks",
        "value": 104635190
      }
    ],
    [
      {
        "name": "Date",
        "value": "8/20/2022"
      },
      {
        "name": "Clicks",
        "value": 104635190
      }
    ],
    [
      {
        "name": "Date",
        "value": "8/21/2022"
      },
      {
        "name": "Clicks",
        "value": 104635190
      }
    ],
    [
      {
        "name": "Date",
        "value": "8/22/2022"
      },
      {
        "name": "Clicks",
        "value": 104635190
      }
    ],
    [
      {
        "name": "Date",
        "value": "8/23/2022"
      },
      {
        "name": "Clicks",
        "value": 104635190
      }
    ],
    [
      {
        "name": "Date",
        "value": "8/24/2022"
      },
      {
        "name": "Clicks",
        "value": 104635190
      }
    ],
    [
      {
        "name": "Date",
        "value": "8/25/2022"
      },
      {
        "name": "Clicks",
        "value": 104635190
      }
    ],
    [
      {
        "name": "Date",
        "value": "8/26/2022"
      },
      {
        "name": "Clicks",
        "value": 104635190
      }
    ],
    [
      {
        "name": "Date",
        "value": "8/27/2022"
      },
      {
        "name": "Clicks",
        "value": 104635190
      }
    ],
    [
      {
        "name": "Date",
        "value": "8/28/2022"
      },
      {
        "name": "Clicks",
        "value": 104635190
      }
    ],
    [
      {
        "name": "Date",
        "value": "8/29/2022"
      },
      {
        "name": "Clicks",
        "value": 104635190
      }
    ],
    [
      {
        "name": "Date",
        "value": "8/30/2022"
      },
      {
        "name": "Clicks",
        "value": 104635190
      }
    ],
    [
      {
        "name": "Date",
        "value": "8/31/2022"
      },
      {
        "name": "Clicks",
        "value": 104635190
      }
    ],
    [
      {
        "name": "Date",
        "value": "9/1/2022"
      },
      {
        "name": "Clicks",
        "value": 104635190
      }
    ],
    [
      {
        "name": "Date",
        "value": "9/2/2022"
      },
      {
        "name": "Clicks",
        "value": 104635190
      }
    ],
    [
      {
        "name": "Date",
        "value": "9/3/2022"
      },
      {
        "name": "Clicks",
        "value": 104635190
      }
    ],
    [
      {
        "name": "Date",
        "value": "9/4/2022"
      },
      {
        "name": "Clicks",
        "value": 104635190
      }
    ],
    [
      {
        "name": "Date",
        "value": "9/5/2022"
      },
      {
        "name": "Clicks",
        "value": 104635190
      }
    ],
    [
      {
        "name": "Date",
        "value": "9/6/2022"
      },
      {
        "name": "Clicks",
        "value": 104635190
      }
    ],
    [
      {
        "name": "Date",
        "value": "9/7/2022"
      },
      {
        "name": "Clicks",
        "value": 104635190
      }
    ],
    [
      {
        "name": "Date",
        "value": "9/8/2022"
      },
      {
        "name": "Clicks",
        "value": 104635190
      }
    ],
    [
      {
        "name": "Date",
        "value": "9/9/2022"
      },
      {
        "name": "Clicks",
        "value": 104635190
      }
    ],
    [
      {
        "name": "Date",
        "value": "9/10/2022"
      },
      {
        "name": "Clicks",
        "value": 104635190
      }
    ],
    [
      {
        "name": "Date",
        "value": "9/11/2022"
      },
      {
        "name": "Clicks",
        "value": 104635190
      }
    ],
    [
      {
        "name": "Date",
        "value": "9/12/2022"
      },
      {
        "name": "Clicks",
        "value": 104635190
      }
    ],
    [
      {
        "name": "Date",
        "value": "9/13/2022"
      },
      {
        "name": "Clicks",
        "value": 104635190
      }
    ],
    [
      {
        "name": "Date",
        "value": "9/14/2022"
      },
      {
        "name": "Clicks",
        "value": 104635190
      }
    ],
    [
      {
        "name": "Date",
        "value": "9/15/2022"
      },
      {
        "name": "Clicks",
        "value": 104635190
      }
    ],
    [
      {
        "name": "Date",
        "value": "9/16/2022"
      },
      {
        "name": "Clicks",
        "value": 104635190
      }
    ],
    [
      {
        "name": "Date",
        "value": "9/17/2022"
      },
      {
        "name": "Clicks",
        "value": 104635190
      }
    ],
    [
      {
        "name": "Date",
        "value": "9/18/2022"
      },
      {
        "name": "Clicks",
        "value": 104635190
      }
    ],
    [
      {
        "name": "Date",
        "value": "9/19/2022"
      },
      {
        "name": "Clicks",
        "value": 104635190
      }
    ],
    [
      {
        "name": "Date",
        "value": "9/20/2022"
      },
      {
        "name": "Clicks",
        "value": 104635190
      }
    ],
    [
      {
        "name": "Date",
        "value": "9/21/2022"
      },
      {
        "name": "Clicks",
        "value": 104635190
      }
    ],
    [
      {
        "name": "Date",
        "value": "9/22/2022"
      },
      {
        "name": "Clicks",
        "value": 104635190
      }
    ],
    [
      {
        "name": "Date",
        "value": "9/23/2022"
      },
      {
        "name": "Clicks",
        "value": 104635190
      }
    ],
    [
      {
        "name": "Date",
        "value": "9/24/2022"
      },
      {
        "name": "Clicks",
        "value": 104635190
      }
    ],
    [
      {
        "name": "Date",
        "value": "9/25/2022"
      },
      {
        "name": "Clicks",
        "value": 104635190
      }
    ],
    [
      {
        "name": "Date",
        "value": "9/26/2022"
      },
      {
        "name": "Clicks",
        "value": 104635190
      }
    ],
    [
      {
        "name": "Date",
        "value": "9/27/2022"
      },
      {
        "name": "Clicks",
        "value": 104635190
      }
    ],
    [
      {
        "name": "Date",
        "value": "9/28/2022"
      },
      {
        "name": "Clicks",
        "value": 104635190
      }
    ],
    [
      {
        "name": "Date",
        "value": "9/29/2022"
      },
      {
        "name": "Clicks",
        "value": 104635190
      }
    ],
    [
      {
        "name": "Date",
        "value": "9/30/2022"
      },
      {
        "name": "Clicks",
        "value": 104635190
      }
    ],
    [
      {
        "name": "Date",
        "value": "10/1/2022"
      },
      {
        "name": "Clicks",
        "value": 104635190
      }
    ],
    [
      {
        "name": "Date",
        "value": "10/2/2022"
      },
      {
        "name": "Clicks",
        "value": 104635190
      }
    ],
    [
      {
        "name": "Date",
        "value": "10/3/2022"
      },
      {
        "name": "Clicks",
        "value": 104635190
      }
    ],
    [
      {
        "name": "Date",
        "value": "10/4/2022"
      },
      {
        "name": "Clicks",
        "value": 104635190
      }
    ],
    [
      {
        "name": "Date",
        "value": "10/5/2022"
      },
      {
        "name": "Clicks",
        "value": 104635190
      }
    ],
    [
      {
        "name": "Date",
        "value": "10/6/2022"
      },
      {
        "name": "Clicks",
        "value": 104635190
      }
    ],
    [
      {
        "name": "Date",
        "value": "10/7/2022"
      },
      {
        "name": "Clicks",
        "value": 104635190
      }
    ],
    [
      {
        "name": "Date",
        "value": "10/8/2022"
      },
      {
        "name": "Clicks",
        "value": 104635190
      }
    ],
    [
      {
        "name": "Date",
        "value": "10/9/2022"
      },
      {
        "name": "Clicks",
        "value": 104635190
      }
    ],
    [
      {
        "name": "Date",
        "value": "10/10/2022"
      },
      {
        "name": "Clicks",
        "value": 104635190
      }
    ],
    [
      {
        "name": "Date",
        "value": "10/11/2022"
      },
      {
        "name": "Clicks",
        "value": 104635190
      }
    ],
    [
      {
        "name": "Date",
        "value": "10/12/2022"
      },
      {
        "name": "Clicks",
        "value": 104635190
      }
    ],
    [
      {
        "name": "Date",
        "value": "10/13/2022"
      },
      {
        "name": "Clicks",
        "value": 104635190
      }
    ],
    [
      {
        "name": "Date",
        "value": "10/14/2022"
      },
      {
        "name": "Clicks",
        "value": 104635190
      }
    ],
    [
      {
        "name": "Date",
        "value": "10/15/2022"
      },
      {
        "name": "Clicks",
        "value": 104635190
      }
    ]
  ],
  "image": "round",
  "__v": 3491
}]