[{
  "_id": {
    "$oid": "62f29cc3619286b9f2da0d36"
  },
  "id": "stats",
  "stats": [
    {
      "name": "Pounds Removed",
      "value": 32977882
    }
  ],
  "misc": [
    {
      "name": "Name",
      "value": "TeamSeas"
    },
    {
      "name": "Image",
      "value": "https://mgcounts.com/assets/img/teamseas.png"
    },
    {
      "name": "Banner",
      "value": "https://mgcounts.com/assets/img/teamseas_banner.png"
    },
    {
      "name": "Created",
      "value": null
    },
    {
      "name": "Bio",
      "value": null
    }
  ],
  "data": [
    [
      {
        "name": "Date",
        "value": "10/4/2022"
      },
      {
        "name": "Pounds Removed",
        "value": 32968158
      }
    ],
    [
      {
        "name": "Date",
        "value": "8/9/2022"
      },
      {
        "name": "Pounds Removed",
        "value": 32888808
      }
    ],
    [
      {
        "name": "Date",
        "value": "8/10/2022"
      },
      {
        "name": "Pounds Removed",
        "value": 32893601
      }
    ],
    [
      {
        "name": "Date",
        "value": "8/11/2022"
      },
      {
        "name": "Pounds Removed",
        "value": 32893664
      }
    ],
    [
      {
        "name": "Date",
        "value": "8/25/2022"
      },
      {
        "name": "Pounds Removed",
        "value": 32915940
      }
    ],
    [
      {
        "name": "Date",
        "value": "8/26/2022"
      },
      {
        "name": "Pounds Removed",
        "value": 32916798
      }
    ],
    [
      {
        "name": "Date",
        "value": "8/27/2022"
      },
      {
        "name": "Pounds Removed",
        "value": 32918877
      }
    ],
    [
      {
        "name": "Date",
        "value": "8/28/2022"
      },
      {
        "name": "Pounds Removed",
        "value": 32920536
      }
    ],
    [
      {
        "name": "Date",
        "value": "8/29/2022"
      },
      {
        "name": "Pounds Removed",
        "value": 32922500
      }
    ],
    [
      {
        "name": "Date",
        "value": "8/30/2022"
      },
      {
        "name": "Pounds Removed",
        "value": 32925642
      }
    ],
    [
      {
        "name": "Date",
        "value": "8/31/2022"
      },
      {
        "name": "Pounds Removed",
        "value": 32926621
      }
    ],
    [
      {
        "name": "Date",
        "value": "9/1/2022"
      },
      {
        "name": "Pounds Removed",
        "value": 32928523
      }
    ],
    [
      {
        "name": "Date",
        "value": "9/2/2022"
      },
      {
        "name": "Pounds Removed",
        "value": 32929483
      }
    ],
    [
      {
        "name": "Date",
        "value": "9/3/2022"
      },
      {
        "name": "Pounds Removed",
        "value": 32929729
      }
    ],
    [
      {
        "name": "Date",
        "value": "9/4/2022"
      },
      {
        "name": "Pounds Removed",
        "value": 32931946
      }
    ],
    [
      {
        "name": "Date",
        "value": "9/5/2022"
      },
      {
        "name": "Pounds Removed",
        "value": 32937292
      }
    ],
    [
      {
        "name": "Date",
        "value": "9/6/2022"
      },
      {
        "name": "Pounds Removed",
        "value": 32937493
      }
    ],
    [
      {
        "name": "Date",
        "value": "9/7/2022"
      },
      {
        "name": "Pounds Removed",
        "value": 32938511
      }
    ],
    [
      {
        "name": "Date",
        "value": "9/8/2022"
      },
      {
        "name": "Pounds Removed",
        "value": 32938812
      }
    ],
    [
      {
        "name": "Date",
        "value": "9/9/2022"
      },
      {
        "name": "Pounds Removed",
        "value": 32940322
      }
    ],
    [
      {
        "name": "Date",
        "value": "9/10/2022"
      },
      {
        "name": "Pounds Removed",
        "value": 32940723
      }
    ],
    [
      {
        "name": "Date",
        "value": "9/11/2022"
      },
      {
        "name": "Pounds Removed",
        "value": 32942258
      }
    ],
    [
      {
        "name": "Date",
        "value": "9/12/2022"
      },
      {
        "name": "Pounds Removed",
        "value": 32942554
      }
    ],
    [
      {
        "name": "Date",
        "value": "9/13/2022"
      },
      {
        "name": "Pounds Removed",
        "value": 32944330
      }
    ],
    [
      {
        "name": "Date",
        "value": "9/14/2022"
      },
      {
        "name": "Pounds Removed",
        "value": 32944690
      }
    ],
    [
      {
        "name": "Date",
        "value": "9/15/2022"
      },
      {
        "name": "Pounds Removed",
        "value": 32945167
      }
    ],
    [
      {
        "name": "Date",
        "value": "9/16/2022"
      },
      {
        "name": "Pounds Removed",
        "value": 32945779
      }
    ],
    [
      {
        "name": "Date",
        "value": "9/17/2022"
      },
      {
        "name": "Pounds Removed",
        "value": 32947071
      }
    ],
    [
      {
        "name": "Date",
        "value": "9/18/2022"
      },
      {
        "name": "Pounds Removed",
        "value": 32947558
      }
    ],
    [
      {
        "name": "Date",
        "value": "9/19/2022"
      },
      {
        "name": "Pounds Removed",
        "value": 32952759
      }
    ],
    [
      {
        "name": "Date",
        "value": "9/20/2022"
      },
      {
        "name": "Pounds Removed",
        "value": 32953298
      }
    ],
    [
      {
        "name": "Date",
        "value": "9/21/2022"
      },
      {
        "name": "Pounds Removed",
        "value": 32953502
      }
    ],
    [
      {
        "name": "Date",
        "value": "9/20/2022"
      },
      {
        "name": "Pounds Removed",
        "value": 32953888
      }
    ],
    [
      {
        "name": "Date",
        "value": "9/21/2022"
      },
      {
        "name": "Pounds Removed",
        "value": 32953888
      }
    ],
    [
      {
        "name": "Date",
        "value": "9/22/2022"
      },
      {
        "name": "Pounds Removed",
        "value": 32955142
      }
    ],
    [
      {
        "name": "Date",
        "value": "9/23/2022"
      },
      {
        "name": "Pounds Removed",
        "value": 32955401
      }
    ],
    [
      {
        "name": "Date",
        "value": "9/24/2022"
      },
      {
        "name": "Pounds Removed",
        "value": 32956378
      }
    ],
    [
      {
        "name": "Date",
        "value": "9/25/2022"
      },
      {
        "name": "Pounds Removed",
        "value": 32957174
      }
    ],
    [
      {
        "name": "Date",
        "value": "9/26/2022"
      },
      {
        "name": "Pounds Removed",
        "value": 32957469
      }
    ],
    [
      {
        "name": "Date",
        "value": "9/27/2022"
      },
      {
        "name": "Pounds Removed",
        "value": 32958648
      }
    ],
    [
      {
        "name": "Date",
        "value": "9/28/2022"
      },
      {
        "name": "Pounds Removed",
        "value": 32959928
      }
    ],
    [
      {
        "name": "Date",
        "value": "9/29/2022"
      },
      {
        "name": "Pounds Removed",
        "value": 32960244
      }
    ],
    [
      {
        "name": "Date",
        "value": "9/30/2022"
      },
      {
        "name": "Pounds Removed",
        "value": 32962131
      }
    ],
    [
      {
        "name": "Date",
        "value": "10/1/2022"
      },
      {
        "name": "Pounds Removed",
        "value": 32963394
      }
    ],
    [
      {
        "name": "Date",
        "value": "10/2/2022"
      },
      {
        "name": "Pounds Removed",
        "value": 32965316
      }
    ],
    [
      {
        "name": "Date",
        "value": "10/3/2022"
      },
      {
        "name": "Pounds Removed",
        "value": 32967440
      }
    ],
    [
      {
        "name": "Date",
        "value": "10/4/2022"
      },
      {
        "name": "Pounds Removed",
        "value": 32968158
      }
    ],
    [
      {
        "name": "Date",
        "value": "10/5/2022"
      },
      {
        "name": "Pounds Removed",
        "value": 32968983
      }
    ],
    [
      {
        "name": "Date",
        "value": "10/6/2022"
      },
      {
        "name": "Pounds Removed",
        "value": 32970509
      }
    ],
    [
      {
        "name": "Date",
        "value": "10/7/2022"
      },
      {
        "name": "Pounds Removed",
        "value": 32970961
      }
    ],
    [
      {
        "name": "Date",
        "value": "10/8/2022"
      },
      {
        "name": "Pounds Removed",
        "value": 32972092
      }
    ],
    [
      {
        "name": "Date",
        "value": "10/9/2022"
      },
      {
        "name": "Pounds Removed",
        "value": 32972436
      }
    ],
    [
      {
        "name": "Date",
        "value": "10/10/2022"
      },
      {
        "name": "Pounds Removed",
        "value": 32973221
      }
    ],
    [
      {
        "name": "Date",
        "value": "10/11/2022"
      },
      {
        "name": "Pounds Removed",
        "value": 32973977
      }
    ],
    [
      {
        "name": "Date",
        "value": "10/12/2022"
      },
      {
        "name": "Pounds Removed",
        "value": 32975632
      }
    ],
    [
      {
        "name": "Date",
        "value": "10/13/2022"
      },
      {
        "name": "Pounds Removed",
        "value": 32976240
      }
    ],
    [
      {
        "name": "Date",
        "value": "10/14/2022"
      },
      {
        "name": "Pounds Removed",
        "value": 32977452
      }
    ],
    [
      {
        "name": "Date",
        "value": "10/15/2022"
      },
      {
        "name": "Pounds Removed",
        "value": 32977882
      }
    ]
  ],
  "image": "round",
  "__v": 1108,
  "trending": [
    {
      "ip": "::ffff:127.0.0.1",
      "time": {
        "$numberLong": "1664901089486"
      }
    }
  ]
}]