[{
  "_id": {
    "$oid": "62f29b7d3c18d683f7ebbca5"
  },
  "id": "stats",
  "stats": [
    {
      "name": "Trees Planted",
      "value": 23999755
    }
  ],
  "misc": [
    {
      "name": "Name",
      "value": "TeamTrees"
    },
    {
      "name": "Image",
      "value": "https://mgcounts.com/assets/img/teamtrees.png"
    },
    {
      "name": "Banner",
      "value": "https://mgcounts.com/assets/img/teamtrees_banner.png"
    },
    {
      "name": "Created",
      "value": null
    },
    {
      "name": "Bio",
      "value": null
    }
  ],
  "data": [
    [
      {
        "name": "Date",
        "value": "8/13/2022"
      },
      {
        "name": "Trees Planted",
        "value": 23937601
      }
    ],
    [
      {
        "name": "Date",
        "value": "8/19/2022"
      },
      {
        "name": "Trees Planted",
        "value": 23943650
      }
    ],
    [
      {
        "name": "Date",
        "value": "8/20/2022"
      },
      {
        "name": "Trees Planted",
        "value": 23944806
      }
    ],
    [
      {
        "name": "Date",
        "value": "8/21/2022"
      },
      {
        "name": "Trees Planted",
        "value": 23944817
      }
    ],
    [
      {
        "name": "Date",
        "value": "8/22/2022"
      },
      {
        "name": "Trees Planted",
        "value": 23945275
      }
    ],
    [
      {
        "name": "Date",
        "value": "8/23/2022"
      },
      {
        "name": "Trees Planted",
        "value": 23947569
      }
    ],
    [
      {
        "name": "Date",
        "value": "8/24/2022"
      },
      {
        "name": "Trees Planted",
        "value": 23948895
      }
    ],
    [
      {
        "name": "Date",
        "value": "8/25/2022"
      },
      {
        "name": "Trees Planted",
        "value": 23949259
      }
    ],
    [
      {
        "name": "Date",
        "value": "8/26/2022"
      },
      {
        "name": "Trees Planted",
        "value": 23949396
      }
    ],
    [
      {
        "name": "Date",
        "value": "8/27/2022"
      },
      {
        "name": "Trees Planted",
        "value": 23951920
      }
    ],
    [
      {
        "name": "Date",
        "value": "8/28/2022"
      },
      {
        "name": "Trees Planted",
        "value": 23952193
      }
    ],
    [
      {
        "name": "Date",
        "value": "8/29/2022"
      },
      {
        "name": "Trees Planted",
        "value": 23952694
      }
    ],
    [
      {
        "name": "Date",
        "value": "8/30/2022"
      },
      {
        "name": "Trees Planted",
        "value": 23953813
      }
    ],
    [
      {
        "name": "Date",
        "value": "8/31/2022"
      },
      {
        "name": "Trees Planted",
        "value": 23955276
      }
    ],
    [
      {
        "name": "Date",
        "value": "9/1/2022"
      },
      {
        "name": "Trees Planted",
        "value": 23955598
      }
    ],
    [
      {
        "name": "Date",
        "value": "9/2/2022"
      },
      {
        "name": "Trees Planted",
        "value": 23957242
      }
    ],
    [
      {
        "name": "Date",
        "value": "9/3/2022"
      },
      {
        "name": "Trees Planted",
        "value": 23957765
      }
    ],
    [
      {
        "name": "Date",
        "value": "9/4/2022"
      },
      {
        "name": "Trees Planted",
        "value": 23958533
      }
    ],
    [
      {
        "name": "Date",
        "value": "9/5/2022"
      },
      {
        "name": "Trees Planted",
        "value": 23960052
      }
    ],
    [
      {
        "name": "Date",
        "value": "9/6/2022"
      },
      {
        "name": "Trees Planted",
        "value": 23960411
      }
    ],
    [
      {
        "name": "Date",
        "value": "9/7/2022"
      },
      {
        "name": "Trees Planted",
        "value": 23961476
      }
    ],
    [
      {
        "name": "Date",
        "value": "9/8/2022"
      },
      {
        "name": "Trees Planted",
        "value": 23962896
      }
    ],
    [
      {
        "name": "Date",
        "value": "9/9/2022"
      },
      {
        "name": "Trees Planted",
        "value": 23963206
      }
    ],
    [
      {
        "name": "Date",
        "value": "9/8/2022"
      },
      {
        "name": "Trees Planted",
        "value": 23963211
      }
    ],
    [
      {
        "name": "Date",
        "value": "9/9/2022"
      },
      {
        "name": "Trees Planted",
        "value": 23963211
      }
    ],
    [
      {
        "name": "Date",
        "value": "9/10/2022"
      },
      {
        "name": "Trees Planted",
        "value": 23963812
      }
    ],
    [
      {
        "name": "Date",
        "value": "9/11/2022"
      },
      {
        "name": "Trees Planted",
        "value": 23964674
      }
    ],
    [
      {
        "name": "Date",
        "value": "9/12/2022"
      },
      {
        "name": "Trees Planted",
        "value": 23965462
      }
    ],
    [
      {
        "name": "Date",
        "value": "9/13/2022"
      },
      {
        "name": "Trees Planted",
        "value": 23966158
      }
    ],
    [
      {
        "name": "Date",
        "value": "9/14/2022"
      },
      {
        "name": "Trees Planted",
        "value": 23966883
      }
    ],
    [
      {
        "name": "Date",
        "value": "9/15/2022"
      },
      {
        "name": "Trees Planted",
        "value": 23967189
      }
    ],
    [
      {
        "name": "Date",
        "value": "9/16/2022"
      },
      {
        "name": "Trees Planted",
        "value": 23967570
      }
    ],
    [
      {
        "name": "Date",
        "value": "9/17/2022"
      },
      {
        "name": "Trees Planted",
        "value": 23967784
      }
    ],
    [
      {
        "name": "Date",
        "value": "9/18/2022"
      },
      {
        "name": "Trees Planted",
        "value": 23968263
      }
    ],
    [
      {
        "name": "Date",
        "value": "9/19/2022"
      },
      {
        "name": "Trees Planted",
        "value": 23968714
      }
    ],
    [
      {
        "name": "Date",
        "value": "9/20/2022"
      },
      {
        "name": "Trees Planted",
        "value": 23969983
      }
    ],
    [
      {
        "name": "Date",
        "value": "9/21/2022"
      },
      {
        "name": "Trees Planted",
        "value": 23969993
      }
    ],
    [
      {
        "name": "Date",
        "value": "9/22/2022"
      },
      {
        "name": "Trees Planted",
        "value": 23970613
      }
    ],
    [
      {
        "name": "Date",
        "value": "9/23/2022"
      },
      {
        "name": "Trees Planted",
        "value": 23970926
      }
    ],
    [
      {
        "name": "Date",
        "value": "9/24/2022"
      },
      {
        "name": "Trees Planted",
        "value": 23971465
      }
    ],
    [
      {
        "name": "Date",
        "value": "9/25/2022"
      },
      {
        "name": "Trees Planted",
        "value": 23971642
      }
    ],
    [
      {
        "name": "Date",
        "value": "9/26/2022"
      },
      {
        "name": "Trees Planted",
        "value": 23972317
      }
    ],
    [
      {
        "name": "Date",
        "value": "9/27/2022"
      },
      {
        "name": "Trees Planted",
        "value": 23973430
      }
    ],
    [
      {
        "name": "Date",
        "value": "9/28/2022"
      },
      {
        "name": "Trees Planted",
        "value": 23973775
      }
    ],
    [
      {
        "name": "Date",
        "value": "9/29/2022"
      },
      {
        "name": "Trees Planted",
        "value": 23974181
      }
    ],
    [
      {
        "name": "Date",
        "value": "9/30/2022"
      },
      {
        "name": "Trees Planted",
        "value": 23974408
      }
    ],
    [
      {
        "name": "Date",
        "value": "10/1/2022"
      },
      {
        "name": "Trees Planted",
        "value": 23975642
      }
    ],
    [
      {
        "name": "Date",
        "value": "10/2/2022"
      },
      {
        "name": "Trees Planted",
        "value": 23977014
      }
    ],
    [
      {
        "name": "Date",
        "value": "10/3/2022"
      },
      {
        "name": "Trees Planted",
        "value": 23977234
      }
    ],
    [
      {
        "name": "Date",
        "value": "10/4/2022"
      },
      {
        "name": "Trees Planted",
        "value": 23982046
      }
    ],
    [
      {
        "name": "Date",
        "value": "10/5/2022"
      },
      {
        "name": "Trees Planted",
        "value": 23982512
      }
    ],
    [
      {
        "name": "Date",
        "value": "10/6/2022"
      },
      {
        "name": "Trees Planted",
        "value": 23983785
      }
    ],
    [
      {
        "name": "Date",
        "value": "10/7/2022"
      },
      {
        "name": "Trees Planted",
        "value": 23984228
      }
    ],
    [
      {
        "name": "Date",
        "value": "10/8/2022"
      },
      {
        "name": "Trees Planted",
        "value": 23984953
      }
    ],
    [
      {
        "name": "Date",
        "value": "10/9/2022"
      },
      {
        "name": "Trees Planted",
        "value": 23985109
      }
    ],
    [
      {
        "name": "Date",
        "value": "10/10/2022"
      },
      {
        "name": "Trees Planted",
        "value": 23986028
      }
    ],
    [
      {
        "name": "Date",
        "value": "10/11/2022"
      },
      {
        "name": "Trees Planted",
        "value": 23986544
      }
    ],
    [
      {
        "name": "Date",
        "value": "10/12/2022"
      },
      {
        "name": "Trees Planted",
        "value": 23997400
      }
    ],
    [
      {
        "name": "Date",
        "value": "10/13/2022"
      },
      {
        "name": "Trees Planted",
        "value": 23998706
      }
    ],
    [
      {
        "name": "Date",
        "value": "10/14/2022"
      },
      {
        "name": "Trees Planted",
        "value": 23999364
      }
    ],
    [
      {
        "name": "Date",
        "value": "10/15/2022"
      },
      {
        "name": "Trees Planted",
        "value": 23999755
      }
    ]
  ],
  "image": "round",
  "__v": 2135
}]