[{
  "_id": {
    "$oid": "6313033485a678cbdaa76877"
  },
  "id": "JackSucksAtLife",
  "stats": [
    {
      "name": "Members",
      "value": 146826
    },
    {
      "name": "Online Members",
      "value": 101
    }
  ],
  "misc": [
    {
      "name": "Name",
      "value": "r/JackSucksAtLife"
    },
    {
      "name": "Image",
      "value": "https://styles.redditmedia.com/t5_fmlr4/styles/communityIcon_u4pqaf31sgk91.png"
    },
    {
      "name": "Banner",
      "value": ""
    },
    {
      "name": "Created",
      "value": 1518226030
    },
    {
      "name": "About",
      "value": null
    }
  ],
  "data": [
    [
      {
        "name": "Date",
        "value": "9/3/2022"
      },
      {
        "name": "Members",
        "value": 143965
      },
      {
        "name": "Online Members",
        "value": 106
      }
    ],
    [
      {
        "name": "Date",
        "value": "9/11/2022"
      },
      {
        "name": "Members",
        "value": 144470
      },
      {
        "name": "Online Members",
        "value": 90
      }
    ],
    [
      {
        "name": "Date",
        "value": "9/15/2022"
      },
      {
        "name": "Members",
        "value": 144763
      },
      {
        "name": "Online Members",
        "value": 89
      }
    ],
    [
      {
        "name": "Date",
        "value": "9/20/2022"
      },
      {
        "name": "Members",
        "value": 145165
      },
      {
        "name": "Online Members",
        "value": 115
      }
    ],
    [
      {
        "name": "Date",
        "value": "10/15/2022"
      },
      {
        "name": "Members",
        "value": 146826
      },
      {
        "name": "Online Members",
        "value": 101
      }
    ]
  ],
  "image": "round",
  "__v": 47
},{
  "_id": {
    "$oid": "631303a285a678cbdaa768c8"
  },
  "id": "JackSucksAtGeography",
  "stats": [
    {
      "name": "Members",
      "value": 16072
    },
    {
      "name": "Online Members",
      "value": 31
    }
  ],
  "misc": [
    {
      "name": "Name",
      "value": "r/JackSucksAtGeography"
    },
    {
      "name": "Image",
      "value": "https://styles.redditmedia.com/t5_2ixcvh/styles/communityIcon_kafclmki76991.jpg"
    },
    {
      "name": "Banner",
      "value": "https://styles.redditmedia.com/t5_2ixcvh/styles/mobileBannerImage_bl7qgpggo7991.png"
    },
    {
      "name": "Created",
      "value": 1585359403
    },
    {
      "name": "About",
      "value": null
    }
  ],
  "data": [
    [
      {
        "name": "Date",
        "value": "9/3/2022"
      },
      {
        "name": "Members",
        "value": 13012
      },
      {
        "name": "Online Members",
        "value": 45
      }
    ],
    [
      {
        "name": "Date",
        "value": "9/11/2022"
      },
      {
        "name": "Members",
        "value": 13550
      },
      {
        "name": "Online Members",
        "value": 26
      }
    ],
    [
      {
        "name": "Date",
        "value": "9/15/2022"
      },
      {
        "name": "Members",
        "value": 13816
      },
      {
        "name": "Online Members",
        "value": 45
      }
    ],
    [
      {
        "name": "Date",
        "value": "9/20/2022"
      },
      {
        "name": "Members",
        "value": 14233
      },
      {
        "name": "Online Members",
        "value": 12
      }
    ],
    [
      {
        "name": "Date",
        "value": "10/15/2022"
      },
      {
        "name": "Members",
        "value": 16072
      },
      {
        "name": "Online Members",
        "value": 31
      }
    ]
  ],
  "image": "round",
  "__v": 35
},{
  "_id": {
    "$oid": "6317d32685a678cbdaa89728"
  },
  "id": "announcements",
  "stats": [
    {
      "name": "Members",
      "value": 177919627
    },
    {
      "name": "Online Members",
      "value": 613
    }
  ],
  "misc": [
    {
      "name": "Name",
      "value": "r/announcements"
    },
    {
      "name": "Image",
      "value": "https://styles.redditmedia.com/t5_2r0ij/styles/communityIcon_yor9myhxz5x11.png"
    },
    {
      "name": "Banner",
      "value": ""
    },
    {
      "name": "Created",
      "value": 1245256101
    },
    {
      "name": "About",
      "value": null
    }
  ],
  "data": [
    [
      {
        "name": "Date",
        "value": "9/7/2022"
      },
      {
        "name": "Members",
        "value": 172196620
      },
      {
        "name": "Online Members",
        "value": 569
      }
    ],
    [
      {
        "name": "Date",
        "value": "9/11/2022"
      },
      {
        "name": "Members",
        "value": 172788486
      },
      {
        "name": "Online Members",
        "value": 491
      }
    ],
    [
      {
        "name": "Date",
        "value": "9/15/2022"
      },
      {
        "name": "Members",
        "value": 173386948
      },
      {
        "name": "Online Members",
        "value": 469
      }
    ],
    [
      {
        "name": "Date",
        "value": "9/20/2022"
      },
      {
        "name": "Members",
        "value": 174254251
      },
      {
        "name": "Online Members",
        "value": 505
      }
    ],
    [
      {
        "name": "Date",
        "value": "10/15/2022"
      },
      {
        "name": "Members",
        "value": 177919627
      },
      {
        "name": "Online Members",
        "value": 613
      }
    ]
  ],
  "image": "round",
  "__v": 87
},{
  "_id": {
    "$oid": "631caf0380b0966b01d5ca96"
  },
  "id": "mrbeast",
  "stats": [
    {
      "name": "Members",
      "value": 99928
    },
    {
      "name": "Online Members",
      "value": 103
    }
  ],
  "misc": [
    {
      "name": "Name",
      "value": "r/MrBeast"
    },
    {
      "name": "Image",
      "value": "https://styles.redditmedia.com/t5_3ey7l/styles/communityIcon_gl6mm7ty59661.PNG"
    },
    {
      "name": "Banner",
      "value": "https://styles.redditmedia.com/t5_3ey7l/styles/mobileBannerImage_72eg91p92oj31.png"
    },
    {
      "name": "Created",
      "value": 1465329337
    },
    {
      "name": "About",
      "value": null
    }
  ],
  "data": [
    [
      {
        "name": "Date",
        "value": "9/10/2022"
      },
      {
        "name": "Members",
        "value": 99443
      },
      {
        "name": "Online Members",
        "value": 69
      }
    ],
    [
      {
        "name": "Date",
        "value": "9/11/2022"
      },
      {
        "name": "Members",
        "value": 99434
      },
      {
        "name": "Online Members",
        "value": 105
      }
    ],
    [
      {
        "name": "Date",
        "value": "9/15/2022"
      },
      {
        "name": "Members",
        "value": 99440
      },
      {
        "name": "Online Members",
        "value": 35
      }
    ],
    [
      {
        "name": "Date",
        "value": "9/20/2022"
      },
      {
        "name": "Members",
        "value": 99507
      },
      {
        "name": "Online Members",
        "value": 65
      }
    ],
    [
      {
        "name": "Date",
        "value": "10/15/2022"
      },
      {
        "name": "Members",
        "value": 99928
      },
      {
        "name": "Online Members",
        "value": 103
      }
    ]
  ],
  "image": "round",
  "__v": 13
},{
  "_id": {
    "$oid": "631caf0480b0966b01d5ca99"
  },
  "id": "mikecrack",
  "stats": [
    {
      "name": "Members",
      "value": 5
    },
    {
      "name": "Online Members",
      "value": 4
    }
  ],
  "misc": [
    {
      "name": "Name",
      "value": "r/MIkecrack"
    },
    {
      "name": "Image",
      "value": "https://styles.redditmedia.com/t5_514k6j/styles/communityIcon_59pd6u3etgu81.jpeg"
    },
    {
      "name": "Banner",
      "value": ""
    },
    {
      "name": "Created",
      "value": 1631443262
    },
    {
      "name": "About",
      "value": null
    }
  ],
  "data": [
    [
      {
        "name": "Date",
        "value": "9/10/2022"
      },
      {
        "name": "Members",
        "value": 5
      },
      {
        "name": "Online Members",
        "value": 3
      }
    ],
    [
      {
        "name": "Date",
        "value": "9/11/2022"
      },
      {
        "name": "Members",
        "value": 5
      },
      {
        "name": "Online Members",
        "value": 1
      }
    ],
    [
      {
        "name": "Date",
        "value": "9/15/2022"
      },
      {
        "name": "Members",
        "value": 5
      },
      {
        "name": "Online Members",
        "value": 0
      }
    ],
    [
      {
        "name": "Date",
        "value": "9/20/2022"
      },
      {
        "name": "Members",
        "value": 5
      },
      {
        "name": "Online Members",
        "value": 0
      }
    ],
    [
      {
        "name": "Date",
        "value": "10/15/2022"
      },
      {
        "name": "Members",
        "value": 5
      },
      {
        "name": "Online Members",
        "value": 4
      }
    ]
  ],
  "image": "round",
  "__v": 13
},{
  "_id": {
    "$oid": "631cafb980b0966b01d5cb83"
  },
  "id": "argentina",
  "stats": [
    {
      "name": "Members",
      "value": 440707
    },
    {
      "name": "Online Members",
      "value": 1375
    }
  ],
  "misc": [
    {
      "name": "Name",
      "value": "r/argentina"
    },
    {
      "name": "Image",
      "value": "https://styles.redditmedia.com/t5_2qlht/styles/communityIcon_nf1a1pdmwux51.png"
    },
    {
      "name": "Banner",
      "value": "https://styles.redditmedia.com/t5_2qlht/styles/mobileBannerImage_x6rfqr7ez0y51.png"
    },
    {
      "name": "Created",
      "value": 1219715884
    },
    {
      "name": "About",
      "value": null
    }
  ],
  "data": [
    [
      {
        "name": "Date",
        "value": "9/10/2022"
      },
      {
        "name": "Members",
        "value": 430807
      },
      {
        "name": "Online Members",
        "value": 1779
      }
    ],
    [
      {
        "name": "Date",
        "value": "9/11/2022"
      },
      {
        "name": "Members",
        "value": 430959
      },
      {
        "name": "Online Members",
        "value": 1479
      }
    ],
    [
      {
        "name": "Date",
        "value": "9/15/2022"
      },
      {
        "name": "Members",
        "value": 432162
      },
      {
        "name": "Online Members",
        "value": 1363
      }
    ],
    [
      {
        "name": "Date",
        "value": "9/20/2022"
      },
      {
        "name": "Members",
        "value": 433864
      },
      {
        "name": "Online Members",
        "value": 1638
      }
    ],
    [
      {
        "name": "Date",
        "value": "10/15/2022"
      },
      {
        "name": "Members",
        "value": 440707
      },
      {
        "name": "Online Members",
        "value": 1375
      }
    ]
  ],
  "image": "round",
  "__v": 30
}]