[{
  "_id": {
    "$oid": "631d51d680b0966b01d5eb46"
  },
  "id": "Wubzzy",
  "stats": [
    {
      "name": "Total Karma",
      "value": 51
    },
    {
      "name": "Comment Karma",
      "value": 44
    },
    {
      "name": "Link Karma",
      "value": 7
    }
  ],
  "misc": [
    {
      "name": "Name",
      "value": "Wubzzy"
    },
    {
      "name": "Image",
      "value": "https://www.redditstatic.com/avatars/defaults/v2/avatar_default_5.png"
    },
    {
      "name": "Banner",
      "value": "https://www.redditstatic.com/avatars/defaults/v2/avatar_default_5.png"
    },
    {
      "name": "Created",
      "value": 1346037975
    },
    {
      "name": "About",
      "value": null
    }
  ],
  "data": [
    [
      {
        "name": "Date",
        "value": "9/11/2022"
      },
      {
        "name": "Total Karma",
        "value": 51
      },
      {
        "name": "Comment Karma",
        "value": 44
      },
      {
        "name": "Link Karma",
        "value": 7
      }
    ],
    [
      {
        "name": "Date",
        "value": "9/15/2022"
      },
      {
        "name": "Total Karma",
        "value": 51
      },
      {
        "name": "Comment Karma",
        "value": 44
      },
      {
        "name": "Link Karma",
        "value": 7
      }
    ],
    [
      {
        "name": "Date",
        "value": "9/20/2022"
      },
      {
        "name": "Total Karma",
        "value": 51
      },
      {
        "name": "Comment Karma",
        "value": 44
      },
      {
        "name": "Link Karma",
        "value": 7
      }
    ]
  ],
  "image": "round",
  "__v": 12
},{
  "_id": {
    "$oid": "632496ebddfebdfd5dabc6c4"
  },
  "id": "sypherpk",
  "stats": [
    {
      "name": "Total Karma",
      "value": 69501
    },
    {
      "name": "Comment Karma",
      "value": 56563
    },
    {
      "name": "Link Karma",
      "value": 11137
    }
  ],
  "misc": [
    {
      "name": "Name",
      "value": "SypherPK"
    },
    {
      "name": "Image",
      "value": "https://www.redditstatic.com/avatars/defaults/v2/avatar_default_6.png"
    },
    {
      "name": "Banner",
      "value": "https://www.redditstatic.com/avatars/defaults/v2/avatar_default_6.png"
    },
    {
      "name": "Created",
      "value": 1398046303
    },
    {
      "name": "About",
      "value": null
    }
  ],
  "data": [
    [
      {
        "name": "Date",
        "value": "9/16/2022"
      },
      {
        "name": "Total Karma",
        "value": 69501
      },
      {
        "name": "Comment Karma",
        "value": 56563
      },
      {
        "name": "Link Karma",
        "value": 11137
      }
    ],
    [
      {
        "name": "Date",
        "value": "9/20/2022"
      },
      {
        "name": "Total Karma",
        "value": 69501
      },
      {
        "name": "Comment Karma",
        "value": 56563
      },
      {
        "name": "Link Karma",
        "value": 11137
      }
    ]
  ],
  "image": "round",
  "__v": 40
}]