[{
  "_id": {
    "$oid": "6310a3a685a678cbdaa6ba88"
  },
  "id": "4705120",
  "stats": [
    {
      "name": "Visits",
      "value": 15683558
    }
  ],
  "misc": [
    {
      "name": "Name",
      "value": "Scriptbloxian Studios"
    },
    {
      "name": "Image",
      "value": "https://tr.rbxcdn.com/1aabed8bc92f05d5f29789d71b3d32d3/420/420/Image/Png"
    },
    {
      "name": "Banner",
      "value": "https://tr.rbxcdn.com/1aabed8bc92f05d5f29789d71b3d32d3/420/420/Image/Png"
    },
    {
      "name": "Created",
      "value": null
    },
    {
      "name": "Bio",
      "value": null
    }
  ],
  "data": [
    [
      {
        "name": "Date",
        "value": "9/1/2022"
      },
      {
        "name": "Visits",
        "value": 15135853
      }
    ],
    [
      {
        "name": "Date",
        "value": "9/2/2022"
      },
      {
        "name": "Visits",
        "value": 15145780
      }
    ],
    [
      {
        "name": "Date",
        "value": "9/3/2022"
      },
      {
        "name": "Visits",
        "value": 15162507
      }
    ],
    [
      {
        "name": "Date",
        "value": "9/4/2022"
      },
      {
        "name": "Visits",
        "value": 15181687
      }
    ],
    [
      {
        "name": "Date",
        "value": "9/5/2022"
      },
      {
        "name": "Visits",
        "value": 15198296
      }
    ],
    [
      {
        "name": "Date",
        "value": "9/6/2022"
      },
      {
        "name": "Visits",
        "value": 15211199
      }
    ],
    [
      {
        "name": "Date",
        "value": "9/7/2022"
      },
      {
        "name": "Visits",
        "value": 15221804
      }
    ],
    [
      {
        "name": "Date",
        "value": "9/8/2022"
      },
      {
        "name": "Visits",
        "value": 15233265
      }
    ],
    [
      {
        "name": "Date",
        "value": "9/9/2022"
      },
      {
        "name": "Visits",
        "value": 15244320
      }
    ],
    [
      {
        "name": "Date",
        "value": "9/10/2022"
      },
      {
        "name": "Visits",
        "value": 15258659
      }
    ],
    [
      {
        "name": "Date",
        "value": "9/11/2022"
      },
      {
        "name": "Visits",
        "value": 15278502
      }
    ],
    [
      {
        "name": "Date",
        "value": "9/12/2022"
      },
      {
        "name": "Visits",
        "value": 15294361
      }
    ],
    [
      {
        "name": "Date",
        "value": "9/13/2022"
      },
      {
        "name": "Visits",
        "value": 15303459
      }
    ],
    [
      {
        "name": "Date",
        "value": "9/14/2022"
      },
      {
        "name": "Visits",
        "value": 15312324
      }
    ],
    [
      {
        "name": "Date",
        "value": "9/15/2022"
      },
      {
        "name": "Visits",
        "value": 15321467
      }
    ],
    [
      {
        "name": "Date",
        "value": "9/16/2022"
      },
      {
        "name": "Visits",
        "value": 15330908
      }
    ],
    [
      {
        "name": "Date",
        "value": "9/19/2022"
      },
      {
        "name": "Visits",
        "value": 15375677
      }
    ],
    [
      {
        "name": "Date",
        "value": "9/20/2022"
      },
      {
        "name": "Visits",
        "value": 15393233
      }
    ],
    [
      {
        "name": "Date",
        "value": "9/21/2022"
      },
      {
        "name": "Visits",
        "value": 15393489
      }
    ],
    [
      {
        "name": "Date",
        "value": "9/22/2022"
      },
      {
        "name": "Visits",
        "value": 15402593
      }
    ],
    [
      {
        "name": "Date",
        "value": "9/23/2022"
      },
      {
        "name": "Visits",
        "value": 15411865
      }
    ],
    [
      {
        "name": "Date",
        "value": "9/24/2022"
      },
      {
        "name": "Visits",
        "value": 15424581
      }
    ],
    [
      {
        "name": "Date",
        "value": "9/25/2022"
      },
      {
        "name": "Visits",
        "value": 15441252
      }
    ],
    [
      {
        "name": "Date",
        "value": "9/26/2022"
      },
      {
        "name": "Visits",
        "value": 15456087
      }
    ],
    [
      {
        "name": "Date",
        "value": "9/27/2022"
      },
      {
        "name": "Visits",
        "value": 15465606
      }
    ],
    [
      {
        "name": "Date",
        "value": "9/28/2022"
      },
      {
        "name": "Visits",
        "value": 15474995
      }
    ],
    [
      {
        "name": "Date",
        "value": "9/29/2022"
      },
      {
        "name": "Visits",
        "value": 15485109
      }
    ],
    [
      {
        "name": "Date",
        "value": "9/30/2022"
      },
      {
        "name": "Visits",
        "value": 15495755
      }
    ],
    [
      {
        "name": "Date",
        "value": "10/1/2022"
      },
      {
        "name": "Visits",
        "value": 15509224
      }
    ],
    [
      {
        "name": "Date",
        "value": "10/2/2022"
      },
      {
        "name": "Visits",
        "value": 15526196
      }
    ],
    [
      {
        "name": "Date",
        "value": "10/3/2022"
      },
      {
        "name": "Visits",
        "value": 15541104
      }
    ],
    [
      {
        "name": "Date",
        "value": "10/4/2022"
      },
      {
        "name": "Visits",
        "value": 15550713
      }
    ],
    [
      {
        "name": "Date",
        "value": "10/5/2022"
      },
      {
        "name": "Visits",
        "value": 15560649
      }
    ],
    [
      {
        "name": "Date",
        "value": "10/6/2022"
      },
      {
        "name": "Visits",
        "value": 15571481
      }
    ],
    [
      {
        "name": "Date",
        "value": "10/7/2022"
      },
      {
        "name": "Visits",
        "value": 15581966
      }
    ],
    [
      {
        "name": "Date",
        "value": "10/8/2022"
      },
      {
        "name": "Visits",
        "value": 15595630
      }
    ],
    [
      {
        "name": "Date",
        "value": "10/9/2022"
      },
      {
        "name": "Visits",
        "value": 15612825
      }
    ],
    [
      {
        "name": "Date",
        "value": "10/10/2022"
      },
      {
        "name": "Visits",
        "value": 15628651
      }
    ],
    [
      {
        "name": "Date",
        "value": "10/11/2022"
      },
      {
        "name": "Visits",
        "value": 15639914
      }
    ],
    [
      {
        "name": "Date",
        "value": "10/12/2022"
      },
      {
        "name": "Visits",
        "value": 15649989
      }
    ],
    [
      {
        "name": "Date",
        "value": "10/13/2022"
      },
      {
        "name": "Visits",
        "value": 15660337
      }
    ],
    [
      {
        "name": "Date",
        "value": "10/14/2022"
      },
      {
        "name": "Visits",
        "value": 15670710
      }
    ],
    [
      {
        "name": "Date",
        "value": "10/15/2022"
      },
      {
        "name": "Visits",
        "value": 15683558
      }
    ]
  ],
  "image": "round",
  "__v": 56
},{
  "_id": {
    "$oid": "6317d30785a678cbdaa89716"
  },
  "id": "3336691",
  "stats": [
    {
      "name": "Visits",
      "value": 8667881
    }
  ],
  "misc": [
    {
      "name": "Name",
      "value": "The Flamingo Fan Club"
    },
    {
      "name": "Image",
      "value": "https://tr.rbxcdn.com/be24bbfcb99f6e77a65643b19c366776/420/420/Image/Png"
    },
    {
      "name": "Banner",
      "value": "https://tr.rbxcdn.com/be24bbfcb99f6e77a65643b19c366776/420/420/Image/Png"
    },
    {
      "name": "Created",
      "value": null
    },
    {
      "name": "Bio",
      "value": null
    }
  ],
  "data": [
    [
      {
        "name": "Date",
        "value": "9/7/2022"
      },
      {
        "name": "Visits",
        "value": 8592253
      }
    ],
    [
      {
        "name": "Date",
        "value": "9/8/2022"
      },
      {
        "name": "Visits",
        "value": 8594309
      }
    ],
    [
      {
        "name": "Date",
        "value": "9/9/2022"
      },
      {
        "name": "Visits",
        "value": 8596155
      }
    ],
    [
      {
        "name": "Date",
        "value": "9/10/2022"
      },
      {
        "name": "Visits",
        "value": 8598405
      }
    ],
    [
      {
        "name": "Date",
        "value": "9/11/2022"
      },
      {
        "name": "Visits",
        "value": 8601551
      }
    ],
    [
      {
        "name": "Date",
        "value": "9/12/2022"
      },
      {
        "name": "Visits",
        "value": 8604476
      }
    ],
    [
      {
        "name": "Date",
        "value": "9/13/2022"
      },
      {
        "name": "Visits",
        "value": 8606438
      }
    ],
    [
      {
        "name": "Date",
        "value": "9/14/2022"
      },
      {
        "name": "Visits",
        "value": 8608540
      }
    ],
    [
      {
        "name": "Date",
        "value": "9/15/2022"
      },
      {
        "name": "Visits",
        "value": 8610690
      }
    ],
    [
      {
        "name": "Date",
        "value": "9/16/2022"
      },
      {
        "name": "Visits",
        "value": 8612370
      }
    ],
    [
      {
        "name": "Date",
        "value": "9/19/2022"
      },
      {
        "name": "Visits",
        "value": 8619827
      }
    ],
    [
      {
        "name": "Date",
        "value": "9/20/2022"
      },
      {
        "name": "Visits",
        "value": 8622992
      }
    ],
    [
      {
        "name": "Date",
        "value": "9/21/2022"
      },
      {
        "name": "Visits",
        "value": 8623026
      }
    ],
    [
      {
        "name": "Date",
        "value": "9/22/2022"
      },
      {
        "name": "Visits",
        "value": 8624573
      }
    ],
    [
      {
        "name": "Date",
        "value": "9/23/2022"
      },
      {
        "name": "Visits",
        "value": 8625952
      }
    ],
    [
      {
        "name": "Date",
        "value": "9/24/2022"
      },
      {
        "name": "Visits",
        "value": 8627648
      }
    ],
    [
      {
        "name": "Date",
        "value": "9/25/2022"
      },
      {
        "name": "Visits",
        "value": 8629779
      }
    ],
    [
      {
        "name": "Date",
        "value": "9/26/2022"
      },
      {
        "name": "Visits",
        "value": 8632112
      }
    ],
    [
      {
        "name": "Date",
        "value": "9/27/2022"
      },
      {
        "name": "Visits",
        "value": 8633771
      }
    ],
    [
      {
        "name": "Date",
        "value": "9/28/2022"
      },
      {
        "name": "Visits",
        "value": 8635361
      }
    ],
    [
      {
        "name": "Date",
        "value": "9/29/2022"
      },
      {
        "name": "Visits",
        "value": 8637115
      }
    ],
    [
      {
        "name": "Date",
        "value": "9/30/2022"
      },
      {
        "name": "Visits",
        "value": 8638629
      }
    ],
    [
      {
        "name": "Date",
        "value": "10/1/2022"
      },
      {
        "name": "Visits",
        "value": 8640465
      }
    ],
    [
      {
        "name": "Date",
        "value": "10/2/2022"
      },
      {
        "name": "Visits",
        "value": 8643023
      }
    ],
    [
      {
        "name": "Date",
        "value": "10/3/2022"
      },
      {
        "name": "Visits",
        "value": 8645589
      }
    ],
    [
      {
        "name": "Date",
        "value": "10/4/2022"
      },
      {
        "name": "Visits",
        "value": 8647033
      }
    ],
    [
      {
        "name": "Date",
        "value": "10/5/2022"
      },
      {
        "name": "Visits",
        "value": 8648512
      }
    ],
    [
      {
        "name": "Date",
        "value": "10/6/2022"
      },
      {
        "name": "Visits",
        "value": 8650040
      }
    ],
    [
      {
        "name": "Date",
        "value": "10/7/2022"
      },
      {
        "name": "Visits",
        "value": 8651618
      }
    ],
    [
      {
        "name": "Date",
        "value": "10/8/2022"
      },
      {
        "name": "Visits",
        "value": 8653515
      }
    ],
    [
      {
        "name": "Date",
        "value": "10/9/2022"
      },
      {
        "name": "Visits",
        "value": 8655993
      }
    ],
    [
      {
        "name": "Date",
        "value": "10/10/2022"
      },
      {
        "name": "Visits",
        "value": 8658369
      }
    ],
    [
      {
        "name": "Date",
        "value": "10/11/2022"
      },
      {
        "name": "Visits",
        "value": 8660322
      }
    ],
    [
      {
        "name": "Date",
        "value": "10/12/2022"
      },
      {
        "name": "Visits",
        "value": 8662224
      }
    ],
    [
      {
        "name": "Date",
        "value": "10/13/2022"
      },
      {
        "name": "Visits",
        "value": 8664115
      }
    ],
    [
      {
        "name": "Date",
        "value": "10/14/2022"
      },
      {
        "name": "Visits",
        "value": 8665903
      }
    ],
    [
      {
        "name": "Date",
        "value": "10/15/2022"
      },
      {
        "name": "Visits",
        "value": 8667881
      }
    ]
  ],
  "image": "round",
  "__v": 49
},{
  "_id": {
    "$oid": "631b27ca9487b8eccd229da9"
  },
  "id": "4611883",
  "stats": [
    {
      "name": "Visits",
      "value": 22
    }
  ],
  "misc": [
    {
      "name": "Name",
      "value": "Papa group"
    },
    {
      "name": "Image",
      "value": "https://tr.rbxcdn.com/44b4ae9dfc719a5b58934c5940162bac/420/420/Image/Png"
    },
    {
      "name": "Banner",
      "value": "https://tr.rbxcdn.com/44b4ae9dfc719a5b58934c5940162bac/420/420/Image/Png"
    },
    {
      "name": "Created",
      "value": null
    },
    {
      "name": "Bio",
      "value": null
    }
  ],
  "data": [
    [
      {
        "name": "Date",
        "value": "9/9/2022"
      },
      {
        "name": "Visits",
        "value": 22
      }
    ],
    [
      {
        "name": "Date",
        "value": "9/10/2022"
      },
      {
        "name": "Visits",
        "value": 22
      }
    ],
    [
      {
        "name": "Date",
        "value": "9/11/2022"
      },
      {
        "name": "Visits",
        "value": 22
      }
    ],
    [
      {
        "name": "Date",
        "value": "9/12/2022"
      },
      {
        "name": "Visits",
        "value": 22
      }
    ],
    [
      {
        "name": "Date",
        "value": "9/13/2022"
      },
      {
        "name": "Visits",
        "value": 22
      }
    ],
    [
      {
        "name": "Date",
        "value": "9/14/2022"
      },
      {
        "name": "Visits",
        "value": 22
      }
    ],
    [
      {
        "name": "Date",
        "value": "9/15/2022"
      },
      {
        "name": "Visits",
        "value": 22
      }
    ],
    [
      {
        "name": "Date",
        "value": "9/16/2022"
      },
      {
        "name": "Visits",
        "value": 22
      }
    ],
    [
      {
        "name": "Date",
        "value": "9/18/2022"
      },
      {
        "name": "Visits",
        "value": 22
      }
    ],
    [
      {
        "name": "Date",
        "value": "9/19/2022"
      },
      {
        "name": "Visits",
        "value": 22
      }
    ],
    [
      {
        "name": "Date",
        "value": "9/20/2022"
      },
      {
        "name": "Visits",
        "value": 22
      }
    ],
    [
      {
        "name": "Date",
        "value": "9/21/2022"
      },
      {
        "name": "Visits",
        "value": 22
      }
    ],
    [
      {
        "name": "Date",
        "value": "9/22/2022"
      },
      {
        "name": "Visits",
        "value": 22
      }
    ],
    [
      {
        "name": "Date",
        "value": "9/23/2022"
      },
      {
        "name": "Visits",
        "value": 22
      }
    ],
    [
      {
        "name": "Date",
        "value": "9/24/2022"
      },
      {
        "name": "Visits",
        "value": 22
      }
    ],
    [
      {
        "name": "Date",
        "value": "9/25/2022"
      },
      {
        "name": "Visits",
        "value": 22
      }
    ],
    [
      {
        "name": "Date",
        "value": "9/26/2022"
      },
      {
        "name": "Visits",
        "value": 22
      }
    ],
    [
      {
        "name": "Date",
        "value": "9/27/2022"
      },
      {
        "name": "Visits",
        "value": 22
      }
    ],
    [
      {
        "name": "Date",
        "value": "9/28/2022"
      },
      {
        "name": "Visits",
        "value": 22
      }
    ],
    [
      {
        "name": "Date",
        "value": "9/29/2022"
      },
      {
        "name": "Visits",
        "value": 22
      }
    ],
    [
      {
        "name": "Date",
        "value": "9/30/2022"
      },
      {
        "name": "Visits",
        "value": 22
      }
    ],
    [
      {
        "name": "Date",
        "value": "10/1/2022"
      },
      {
        "name": "Visits",
        "value": 22
      }
    ],
    [
      {
        "name": "Date",
        "value": "10/2/2022"
      },
      {
        "name": "Visits",
        "value": 22
      }
    ],
    [
      {
        "name": "Date",
        "value": "10/3/2022"
      },
      {
        "name": "Visits",
        "value": 22
      }
    ],
    [
      {
        "name": "Date",
        "value": "10/4/2022"
      },
      {
        "name": "Visits",
        "value": 22
      }
    ],
    [
      {
        "name": "Date",
        "value": "10/5/2022"
      },
      {
        "name": "Visits",
        "value": 22
      }
    ],
    [
      {
        "name": "Date",
        "value": "10/6/2022"
      },
      {
        "name": "Visits",
        "value": 22
      }
    ],
    [
      {
        "name": "Date",
        "value": "10/7/2022"
      },
      {
        "name": "Visits",
        "value": 22
      }
    ],
    [
      {
        "name": "Date",
        "value": "10/8/2022"
      },
      {
        "name": "Visits",
        "value": 22
      }
    ],
    [
      {
        "name": "Date",
        "value": "10/9/2022"
      },
      {
        "name": "Visits",
        "value": 22
      }
    ],
    [
      {
        "name": "Date",
        "value": "10/10/2022"
      },
      {
        "name": "Visits",
        "value": 22
      }
    ],
    [
      {
        "name": "Date",
        "value": "10/11/2022"
      },
      {
        "name": "Visits",
        "value": 22
      }
    ],
    [
      {
        "name": "Date",
        "value": "10/12/2022"
      },
      {
        "name": "Visits",
        "value": 22
      }
    ],
    [
      {
        "name": "Date",
        "value": "10/13/2022"
      },
      {
        "name": "Visits",
        "value": 22
      }
    ],
    [
      {
        "name": "Date",
        "value": "10/14/2022"
      },
      {
        "name": "Visits",
        "value": 22
      }
    ],
    [
      {
        "name": "Date",
        "value": "10/15/2022"
      },
      {
        "name": "Visits",
        "value": 22
      }
    ]
  ],
  "image": "round",
  "__v": 44
},{
  "_id": {
    "$oid": "631cad7e80b0966b01d5c8a7"
  },
  "id": "4246810",
  "stats": [
    {
      "name": "Visits",
      "value": 56490
    }
  ],
  "misc": [
    {
      "name": "Name",
      "value": "[PET] Fire Team"
    },
    {
      "name": "Image",
      "value": "https://tr.rbxcdn.com/cb9280166b9618c28d8664b951cfbfa1/420/420/Image/Png"
    },
    {
      "name": "Banner",
      "value": "https://tr.rbxcdn.com/cb9280166b9618c28d8664b951cfbfa1/420/420/Image/Png"
    },
    {
      "name": "Created",
      "value": null
    },
    {
      "name": "Bio",
      "value": null
    }
  ],
  "data": [
    [
      {
        "name": "Date",
        "value": "9/10/2022"
      },
      {
        "name": "Visits",
        "value": 55859
      }
    ],
    [
      {
        "name": "Date",
        "value": "9/11/2022"
      },
      {
        "name": "Visits",
        "value": 55879
      }
    ],
    [
      {
        "name": "Date",
        "value": "9/12/2022"
      },
      {
        "name": "Visits",
        "value": 55924
      }
    ],
    [
      {
        "name": "Date",
        "value": "9/13/2022"
      },
      {
        "name": "Visits",
        "value": 55933
      }
    ],
    [
      {
        "name": "Date",
        "value": "9/14/2022"
      },
      {
        "name": "Visits",
        "value": 55961
      }
    ],
    [
      {
        "name": "Date",
        "value": "9/15/2022"
      },
      {
        "name": "Visits",
        "value": 55975
      }
    ],
    [
      {
        "name": "Date",
        "value": "9/16/2022"
      },
      {
        "name": "Visits",
        "value": 55986
      }
    ],
    [
      {
        "name": "Date",
        "value": "9/19/2022"
      },
      {
        "name": "Visits",
        "value": 56052
      }
    ],
    [
      {
        "name": "Date",
        "value": "9/20/2022"
      },
      {
        "name": "Visits",
        "value": 56077
      }
    ],
    [
      {
        "name": "Date",
        "value": "9/21/2022"
      },
      {
        "name": "Visits",
        "value": 56077
      }
    ],
    [
      {
        "name": "Date",
        "value": "9/22/2022"
      },
      {
        "name": "Visits",
        "value": 56090
      }
    ],
    [
      {
        "name": "Date",
        "value": "9/23/2022"
      },
      {
        "name": "Visits",
        "value": 56099
      }
    ],
    [
      {
        "name": "Date",
        "value": "9/24/2022"
      },
      {
        "name": "Visits",
        "value": 56126
      }
    ],
    [
      {
        "name": "Date",
        "value": "9/25/2022"
      },
      {
        "name": "Visits",
        "value": 56158
      }
    ],
    [
      {
        "name": "Date",
        "value": "9/26/2022"
      },
      {
        "name": "Visits",
        "value": 56197
      }
    ],
    [
      {
        "name": "Date",
        "value": "9/27/2022"
      },
      {
        "name": "Visits",
        "value": 56208
      }
    ],
    [
      {
        "name": "Date",
        "value": "9/28/2022"
      },
      {
        "name": "Visits",
        "value": 56219
      }
    ],
    [
      {
        "name": "Date",
        "value": "9/29/2022"
      },
      {
        "name": "Visits",
        "value": 56233
      }
    ],
    [
      {
        "name": "Date",
        "value": "9/30/2022"
      },
      {
        "name": "Visits",
        "value": 56243
      }
    ],
    [
      {
        "name": "Date",
        "value": "10/1/2022"
      },
      {
        "name": "Visits",
        "value": 56266
      }
    ],
    [
      {
        "name": "Date",
        "value": "10/2/2022"
      },
      {
        "name": "Visits",
        "value": 56288
      }
    ],
    [
      {
        "name": "Date",
        "value": "10/3/2022"
      },
      {
        "name": "Visits",
        "value": 56306
      }
    ],
    [
      {
        "name": "Date",
        "value": "10/4/2022"
      },
      {
        "name": "Visits",
        "value": 56316
      }
    ],
    [
      {
        "name": "Date",
        "value": "10/5/2022"
      },
      {
        "name": "Visits",
        "value": 56330
      }
    ],
    [
      {
        "name": "Date",
        "value": "10/6/2022"
      },
      {
        "name": "Visits",
        "value": 56342
      }
    ],
    [
      {
        "name": "Date",
        "value": "10/7/2022"
      },
      {
        "name": "Visits",
        "value": 56351
      }
    ],
    [
      {
        "name": "Date",
        "value": "10/8/2022"
      },
      {
        "name": "Visits",
        "value": 56368
      }
    ],
    [
      {
        "name": "Date",
        "value": "10/9/2022"
      },
      {
        "name": "Visits",
        "value": 56392
      }
    ],
    [
      {
        "name": "Date",
        "value": "10/10/2022"
      },
      {
        "name": "Visits",
        "value": 56410
      }
    ],
    [
      {
        "name": "Date",
        "value": "10/11/2022"
      },
      {
        "name": "Visits",
        "value": 56422
      }
    ],
    [
      {
        "name": "Date",
        "value": "10/12/2022"
      },
      {
        "name": "Visits",
        "value": 56449
      }
    ],
    [
      {
        "name": "Date",
        "value": "10/13/2022"
      },
      {
        "name": "Visits",
        "value": 56461
      }
    ],
    [
      {
        "name": "Date",
        "value": "10/14/2022"
      },
      {
        "name": "Visits",
        "value": 56480
      }
    ],
    [
      {
        "name": "Date",
        "value": "10/15/2022"
      },
      {
        "name": "Visits",
        "value": 56490
      }
    ]
  ],
  "image": "round",
  "__v": 44
},{
  "_id": {
    "$oid": "631cad9980b0966b01d5c8b9"
  },
  "id": "4445069",
  "stats": [
    {
      "name": "Visits",
      "value": 5144
    }
  ],
  "misc": [
    {
      "name": "Name",
      "value": "HAZBIN HOTEL"
    },
    {
      "name": "Image",
      "value": "https://tr.rbxcdn.com/8dd8979ebea5fd38458a61baf1a9aa77/420/420/Image/Png"
    },
    {
      "name": "Banner",
      "value": "https://tr.rbxcdn.com/8dd8979ebea5fd38458a61baf1a9aa77/420/420/Image/Png"
    },
    {
      "name": "Created",
      "value": null
    },
    {
      "name": "Bio",
      "value": null
    }
  ],
  "data": [
    [
      {
        "name": "Date",
        "value": "9/10/2022"
      },
      {
        "name": "Visits",
        "value": 5048
      }
    ],
    [
      {
        "name": "Date",
        "value": "9/11/2022"
      },
      {
        "name": "Visits",
        "value": 5051
      }
    ],
    [
      {
        "name": "Date",
        "value": "9/12/2022"
      },
      {
        "name": "Visits",
        "value": 5059
      }
    ],
    [
      {
        "name": "Date",
        "value": "9/13/2022"
      },
      {
        "name": "Visits",
        "value": 5059
      }
    ],
    [
      {
        "name": "Date",
        "value": "9/14/2022"
      },
      {
        "name": "Visits",
        "value": 5063
      }
    ],
    [
      {
        "name": "Date",
        "value": "9/15/2022"
      },
      {
        "name": "Visits",
        "value": 5065
      }
    ],
    [
      {
        "name": "Date",
        "value": "9/16/2022"
      },
      {
        "name": "Visits",
        "value": 5065
      }
    ],
    [
      {
        "name": "Date",
        "value": "9/19/2022"
      },
      {
        "name": "Visits",
        "value": 5075
      }
    ],
    [
      {
        "name": "Date",
        "value": "9/20/2022"
      },
      {
        "name": "Visits",
        "value": 5073
      }
    ],
    [
      {
        "name": "Date",
        "value": "9/21/2022"
      },
      {
        "name": "Visits",
        "value": 5073
      }
    ],
    [
      {
        "name": "Date",
        "value": "9/22/2022"
      },
      {
        "name": "Visits",
        "value": 5078
      }
    ],
    [
      {
        "name": "Date",
        "value": "9/23/2022"
      },
      {
        "name": "Visits",
        "value": 5079
      }
    ],
    [
      {
        "name": "Date",
        "value": "9/24/2022"
      },
      {
        "name": "Visits",
        "value": 5085
      }
    ],
    [
      {
        "name": "Date",
        "value": "9/25/2022"
      },
      {
        "name": "Visits",
        "value": 5087
      }
    ],
    [
      {
        "name": "Date",
        "value": "9/26/2022"
      },
      {
        "name": "Visits",
        "value": 5091
      }
    ],
    [
      {
        "name": "Date",
        "value": "9/27/2022"
      },
      {
        "name": "Visits",
        "value": 5092
      }
    ],
    [
      {
        "name": "Date",
        "value": "9/28/2022"
      },
      {
        "name": "Visits",
        "value": 5090
      }
    ],
    [
      {
        "name": "Date",
        "value": "9/29/2022"
      },
      {
        "name": "Visits",
        "value": 5090
      }
    ],
    [
      {
        "name": "Date",
        "value": "9/30/2022"
      },
      {
        "name": "Visits",
        "value": 5094
      }
    ],
    [
      {
        "name": "Date",
        "value": "10/1/2022"
      },
      {
        "name": "Visits",
        "value": 5101
      }
    ],
    [
      {
        "name": "Date",
        "value": "10/2/2022"
      },
      {
        "name": "Visits",
        "value": 5109
      }
    ],
    [
      {
        "name": "Date",
        "value": "10/3/2022"
      },
      {
        "name": "Visits",
        "value": 5118
      }
    ],
    [
      {
        "name": "Date",
        "value": "10/4/2022"
      },
      {
        "name": "Visits",
        "value": 5120
      }
    ],
    [
      {
        "name": "Date",
        "value": "10/5/2022"
      },
      {
        "name": "Visits",
        "value": 5120
      }
    ],
    [
      {
        "name": "Date",
        "value": "10/6/2022"
      },
      {
        "name": "Visits",
        "value": 5122
      }
    ],
    [
      {
        "name": "Date",
        "value": "10/7/2022"
      },
      {
        "name": "Visits",
        "value": 5118
      }
    ],
    [
      {
        "name": "Date",
        "value": "10/8/2022"
      },
      {
        "name": "Visits",
        "value": 5122
      }
    ],
    [
      {
        "name": "Date",
        "value": "10/9/2022"
      },
      {
        "name": "Visits",
        "value": 5121
      }
    ],
    [
      {
        "name": "Date",
        "value": "10/10/2022"
      },
      {
        "name": "Visits",
        "value": 5124
      }
    ],
    [
      {
        "name": "Date",
        "value": "10/11/2022"
      },
      {
        "name": "Visits",
        "value": 5127
      }
    ],
    [
      {
        "name": "Date",
        "value": "10/12/2022"
      },
      {
        "name": "Visits",
        "value": 5134
      }
    ],
    [
      {
        "name": "Date",
        "value": "10/13/2022"
      },
      {
        "name": "Visits",
        "value": 5141
      }
    ],
    [
      {
        "name": "Date",
        "value": "10/14/2022"
      },
      {
        "name": "Visits",
        "value": 5142
      }
    ],
    [
      {
        "name": "Date",
        "value": "10/15/2022"
      },
      {
        "name": "Visits",
        "value": 5144
      }
    ]
  ],
  "image": "round",
  "__v": 42
},{
  "_id": {
    "$oid": "631d520c80b0966b01d5eb88"
  },
  "id": "605584",
  "stats": [
    {
      "name": "Visits",
      "value": 21
    }
  ],
  "misc": [
    {
      "name": "Name",
      "value": "Minecraft Gang"
    },
    {
      "name": "Image",
      "value": "https://t1.rbxcdn.com/ce8aa442e702233adbf058be41cf4eca"
    },
    {
      "name": "Banner",
      "value": "https://t1.rbxcdn.com/ce8aa442e702233adbf058be41cf4eca"
    },
    {
      "name": "Created",
      "value": null
    },
    {
      "name": "Bio",
      "value": null
    }
  ],
  "data": [
    [
      {
        "name": "Date",
        "value": "9/11/2022"
      },
      {
        "name": "Visits",
        "value": 21
      }
    ],
    [
      {
        "name": "Date",
        "value": "9/12/2022"
      },
      {
        "name": "Visits",
        "value": 21
      }
    ],
    [
      {
        "name": "Date",
        "value": "9/13/2022"
      },
      {
        "name": "Visits",
        "value": 21
      }
    ],
    [
      {
        "name": "Date",
        "value": "9/14/2022"
      },
      {
        "name": "Visits",
        "value": 21
      }
    ],
    [
      {
        "name": "Date",
        "value": "9/15/2022"
      },
      {
        "name": "Visits",
        "value": 21
      }
    ],
    [
      {
        "name": "Date",
        "value": "9/16/2022"
      },
      {
        "name": "Visits",
        "value": 21
      }
    ],
    [
      {
        "name": "Date",
        "value": "9/19/2022"
      },
      {
        "name": "Visits",
        "value": 21
      }
    ],
    [
      {
        "name": "Date",
        "value": "9/20/2022"
      },
      {
        "name": "Visits",
        "value": 21
      }
    ],
    [
      {
        "name": "Date",
        "value": "9/21/2022"
      },
      {
        "name": "Visits",
        "value": 21
      }
    ],
    [
      {
        "name": "Date",
        "value": "9/22/2022"
      },
      {
        "name": "Visits",
        "value": 21
      }
    ],
    [
      {
        "name": "Date",
        "value": "9/23/2022"
      },
      {
        "name": "Visits",
        "value": 21
      }
    ],
    [
      {
        "name": "Date",
        "value": "9/24/2022"
      },
      {
        "name": "Visits",
        "value": 21
      }
    ],
    [
      {
        "name": "Date",
        "value": "9/25/2022"
      },
      {
        "name": "Visits",
        "value": 21
      }
    ],
    [
      {
        "name": "Date",
        "value": "9/26/2022"
      },
      {
        "name": "Visits",
        "value": 21
      }
    ],
    [
      {
        "name": "Date",
        "value": "9/27/2022"
      },
      {
        "name": "Visits",
        "value": 21
      }
    ],
    [
      {
        "name": "Date",
        "value": "9/28/2022"
      },
      {
        "name": "Visits",
        "value": 21
      }
    ],
    [
      {
        "name": "Date",
        "value": "9/29/2022"
      },
      {
        "name": "Visits",
        "value": 21
      }
    ],
    [
      {
        "name": "Date",
        "value": "9/30/2022"
      },
      {
        "name": "Visits",
        "value": 21
      }
    ],
    [
      {
        "name": "Date",
        "value": "10/1/2022"
      },
      {
        "name": "Visits",
        "value": 21
      }
    ],
    [
      {
        "name": "Date",
        "value": "10/2/2022"
      },
      {
        "name": "Visits",
        "value": 21
      }
    ],
    [
      {
        "name": "Date",
        "value": "10/3/2022"
      },
      {
        "name": "Visits",
        "value": 21
      }
    ],
    [
      {
        "name": "Date",
        "value": "10/4/2022"
      },
      {
        "name": "Visits",
        "value": 21
      }
    ],
    [
      {
        "name": "Date",
        "value": "10/5/2022"
      },
      {
        "name": "Visits",
        "value": 21
      }
    ],
    [
      {
        "name": "Date",
        "value": "10/6/2022"
      },
      {
        "name": "Visits",
        "value": 21
      }
    ],
    [
      {
        "name": "Date",
        "value": "10/7/2022"
      },
      {
        "name": "Visits",
        "value": 21
      }
    ],
    [
      {
        "name": "Date",
        "value": "10/8/2022"
      },
      {
        "name": "Visits",
        "value": 21
      }
    ],
    [
      {
        "name": "Date",
        "value": "10/9/2022"
      },
      {
        "name": "Visits",
        "value": 21
      }
    ],
    [
      {
        "name": "Date",
        "value": "10/10/2022"
      },
      {
        "name": "Visits",
        "value": 21
      }
    ],
    [
      {
        "name": "Date",
        "value": "10/11/2022"
      },
      {
        "name": "Visits",
        "value": 21
      }
    ],
    [
      {
        "name": "Date",
        "value": "10/12/2022"
      },
      {
        "name": "Visits",
        "value": 21
      }
    ],
    [
      {
        "name": "Date",
        "value": "10/13/2022"
      },
      {
        "name": "Visits",
        "value": 21
      }
    ],
    [
      {
        "name": "Date",
        "value": "10/14/2022"
      },
      {
        "name": "Visits",
        "value": 21
      }
    ],
    [
      {
        "name": "Date",
        "value": "10/15/2022"
      },
      {
        "name": "Visits",
        "value": 21
      }
    ]
  ],
  "image": "round",
  "__v": 44
},{
  "_id": {
    "$oid": "632f5da58a09136e57b3a249"
  },
  "id": "14394506",
  "stats": [
    {
      "name": "Visits",
      "value": 11
    }
  ],
  "misc": [
    {
      "name": "Name",
      "value": "Mychayl's Group"
    },
    {
      "name": "Image",
      "value": "https://tr.rbxcdn.com/f9b2e20c7f2ff3266febe91bfc84cedb/420/420/Image/Png"
    },
    {
      "name": "Banner",
      "value": "https://tr.rbxcdn.com/f9b2e20c7f2ff3266febe91bfc84cedb/420/420/Image/Png"
    },
    {
      "name": "Created",
      "value": null
    },
    {
      "name": "Bio",
      "value": null
    }
  ],
  "data": [
    [
      {
        "name": "Date",
        "value": "9/24/2022"
      },
      {
        "name": "Visits",
        "value": 10
      }
    ],
    [
      {
        "name": "Date",
        "value": "9/25/2022"
      },
      {
        "name": "Visits",
        "value": 10
      }
    ],
    [
      {
        "name": "Date",
        "value": "9/26/2022"
      },
      {
        "name": "Visits",
        "value": 10
      }
    ],
    [
      {
        "name": "Date",
        "value": "9/27/2022"
      },
      {
        "name": "Visits",
        "value": 10
      }
    ],
    [
      {
        "name": "Date",
        "value": "9/28/2022"
      },
      {
        "name": "Visits",
        "value": 10
      }
    ],
    [
      {
        "name": "Date",
        "value": "9/29/2022"
      },
      {
        "name": "Visits",
        "value": 10
      }
    ],
    [
      {
        "name": "Date",
        "value": "9/30/2022"
      },
      {
        "name": "Visits",
        "value": 10
      }
    ],
    [
      {
        "name": "Date",
        "value": "10/1/2022"
      },
      {
        "name": "Visits",
        "value": 10
      }
    ],
    [
      {
        "name": "Date",
        "value": "10/2/2022"
      },
      {
        "name": "Visits",
        "value": 10
      }
    ],
    [
      {
        "name": "Date",
        "value": "10/3/2022"
      },
      {
        "name": "Visits",
        "value": 10
      }
    ],
    [
      {
        "name": "Date",
        "value": "10/4/2022"
      },
      {
        "name": "Visits",
        "value": 10
      }
    ],
    [
      {
        "name": "Date",
        "value": "10/5/2022"
      },
      {
        "name": "Visits",
        "value": 10
      }
    ],
    [
      {
        "name": "Date",
        "value": "10/6/2022"
      },
      {
        "name": "Visits",
        "value": 10
      }
    ],
    [
      {
        "name": "Date",
        "value": "10/7/2022"
      },
      {
        "name": "Visits",
        "value": 10
      }
    ],
    [
      {
        "name": "Date",
        "value": "10/8/2022"
      },
      {
        "name": "Visits",
        "value": 10
      }
    ],
    [
      {
        "name": "Date",
        "value": "10/9/2022"
      },
      {
        "name": "Visits",
        "value": 11
      }
    ],
    [
      {
        "name": "Date",
        "value": "10/10/2022"
      },
      {
        "name": "Visits",
        "value": 11
      }
    ],
    [
      {
        "name": "Date",
        "value": "10/11/2022"
      },
      {
        "name": "Visits",
        "value": 11
      }
    ],
    [
      {
        "name": "Date",
        "value": "10/12/2022"
      },
      {
        "name": "Visits",
        "value": 11
      }
    ],
    [
      {
        "name": "Date",
        "value": "10/13/2022"
      },
      {
        "name": "Visits",
        "value": 11
      }
    ],
    [
      {
        "name": "Date",
        "value": "10/14/2022"
      },
      {
        "name": "Visits",
        "value": 11
      }
    ],
    [
      {
        "name": "Date",
        "value": "10/15/2022"
      },
      {
        "name": "Visits",
        "value": 11
      }
    ]
  ],
  "image": "round",
  "__v": 49
},{
  "_id": {
    "$oid": "632f610c8a09136e57b3cebb"
  },
  "id": "7",
  "stats": [
    {
      "name": "Visits",
      "value": 8760820
    }
  ],
  "misc": [
    {
      "name": "Name",
      "value": "Roblox"
    },
    {
      "name": "Image",
      "value": "https://tr.rbxcdn.com/199f9eff281efe6b1be1461afd918e06/420/420/Image/Png"
    },
    {
      "name": "Banner",
      "value": "https://tr.rbxcdn.com/199f9eff281efe6b1be1461afd918e06/420/420/Image/Png"
    },
    {
      "name": "Created",
      "value": null
    },
    {
      "name": "Bio",
      "value": null
    }
  ],
  "data": [
    [
      {
        "name": "Date",
        "value": "9/24/2022"
      },
      {
        "name": "Visits",
        "value": 8630435
      }
    ],
    [
      {
        "name": "Date",
        "value": "9/25/2022"
      },
      {
        "name": "Visits",
        "value": 8633395
      }
    ],
    [
      {
        "name": "Date",
        "value": "9/26/2022"
      },
      {
        "name": "Visits",
        "value": 8641860
      }
    ],
    [
      {
        "name": "Date",
        "value": "9/27/2022"
      },
      {
        "name": "Visits",
        "value": 8648330
      }
    ],
    [
      {
        "name": "Date",
        "value": "9/28/2022"
      },
      {
        "name": "Visits",
        "value": 8655200
      }
    ],
    [
      {
        "name": "Date",
        "value": "9/29/2022"
      },
      {
        "name": "Visits",
        "value": 8663829
      }
    ],
    [
      {
        "name": "Date",
        "value": "9/30/2022"
      },
      {
        "name": "Visits",
        "value": 8673406
      }
    ],
    [
      {
        "name": "Date",
        "value": "10/1/2022"
      },
      {
        "name": "Visits",
        "value": 8681917
      }
    ],
    [
      {
        "name": "Date",
        "value": "10/2/2022"
      },
      {
        "name": "Visits",
        "value": 8688998
      }
    ],
    [
      {
        "name": "Date",
        "value": "10/3/2022"
      },
      {
        "name": "Visits",
        "value": 8695885
      }
    ],
    [
      {
        "name": "Date",
        "value": "10/4/2022"
      },
      {
        "name": "Visits",
        "value": 8700110
      }
    ],
    [
      {
        "name": "Date",
        "value": "10/5/2022"
      },
      {
        "name": "Visits",
        "value": 8704960
      }
    ],
    [
      {
        "name": "Date",
        "value": "10/6/2022"
      },
      {
        "name": "Visits",
        "value": 8710051
      }
    ],
    [
      {
        "name": "Date",
        "value": "10/7/2022"
      },
      {
        "name": "Visits",
        "value": 8716733
      }
    ],
    [
      {
        "name": "Date",
        "value": "10/8/2022"
      },
      {
        "name": "Visits",
        "value": 8723063
      }
    ],
    [
      {
        "name": "Date",
        "value": "10/9/2022"
      },
      {
        "name": "Visits",
        "value": 8730312
      }
    ],
    [
      {
        "name": "Date",
        "value": "10/10/2022"
      },
      {
        "name": "Visits",
        "value": 8737232
      }
    ],
    [
      {
        "name": "Date",
        "value": "10/11/2022"
      },
      {
        "name": "Visits",
        "value": 8742284
      }
    ],
    [
      {
        "name": "Date",
        "value": "10/12/2022"
      },
      {
        "name": "Visits",
        "value": 8746605
      }
    ],
    [
      {
        "name": "Date",
        "value": "10/13/2022"
      },
      {
        "name": "Visits",
        "value": 8751108
      }
    ],
    [
      {
        "name": "Date",
        "value": "10/14/2022"
      },
      {
        "name": "Visits",
        "value": 8755628
      }
    ],
    [
      {
        "name": "Date",
        "value": "10/15/2022"
      },
      {
        "name": "Visits",
        "value": 8760820
      }
    ]
  ],
  "image": "round",
  "__v": 40
},{
  "_id": {
    "$oid": "63440c34d0c21f11559d7928"
  },
  "id": "11699442",
  "stats": [
    {
      "name": "Visits",
      "value": 137
    }
  ],
  "misc": [
    {
      "name": "Name",
      "value": "Brokaven"
    },
    {
      "name": "Image",
      "value": "https://t1.rbxcdn.com/ce8aa442e702233adbf058be41cf4eca"
    },
    {
      "name": "Banner",
      "value": "https://t1.rbxcdn.com/ce8aa442e702233adbf058be41cf4eca"
    },
    {
      "name": "Created",
      "value": null
    },
    {
      "name": "Bio",
      "value": null
    }
  ],
  "data": [
    [
      {
        "name": "Date",
        "value": "10/10/2022"
      },
      {
        "name": "Visits",
        "value": 136
      }
    ],
    [
      {
        "name": "Date",
        "value": "10/11/2022"
      },
      {
        "name": "Visits",
        "value": 137
      }
    ],
    [
      {
        "name": "Date",
        "value": "10/12/2022"
      },
      {
        "name": "Visits",
        "value": 137
      }
    ],
    [
      {
        "name": "Date",
        "value": "10/13/2022"
      },
      {
        "name": "Visits",
        "value": 137
      }
    ],
    [
      {
        "name": "Date",
        "value": "10/14/2022"
      },
      {
        "name": "Visits",
        "value": 137
      }
    ],
    [
      {
        "name": "Date",
        "value": "10/15/2022"
      },
      {
        "name": "Visits",
        "value": 137
      }
    ]
  ],
  "image": "round",
  "__v": 8
},{
  "_id": {
    "$oid": "634b2b6e6d07770c92cf295e"
  },
  "id": "3497030",
  "stats": [
    {
      "name": "Visits",
      "value": 993
    }
  ],
  "misc": [
    {
      "name": "Name",
      "value": "Nighthawk Military Police"
    },
    {
      "name": "Image",
      "value": "https://tr.rbxcdn.com/b7bd374fc2aff05032c720e0494fac1f/420/420/Image/Png"
    },
    {
      "name": "Banner",
      "value": "https://tr.rbxcdn.com/b7bd374fc2aff05032c720e0494fac1f/420/420/Image/Png"
    },
    {
      "name": "Created",
      "value": null
    },
    {
      "name": "Bio",
      "value": null
    }
  ],
  "data": [
    [
      {
        "name": "Date",
        "value": "10/15/2022"
      },
      {
        "name": "Visits",
        "value": 993
      }
    ]
  ],
  "image": "round",
  "__v": 6
},{
  "_id": {
    "$oid": "634b411f6d07770c92cf2e0e"
  },
  "id": "851605",
  "stats": [
    {
      "name": "Visits",
      "value": 32289
    }
  ],
  "misc": [
    {
      "name": "Name",
      "value": "The Pony Project"
    },
    {
      "name": "Image",
      "value": "https://tr.rbxcdn.com/1f85142c0e4b40a9aafd308c3c0372f6/420/420/Image/Png"
    },
    {
      "name": "Banner",
      "value": "https://tr.rbxcdn.com/1f85142c0e4b40a9aafd308c3c0372f6/420/420/Image/Png"
    },
    {
      "name": "Created",
      "value": null
    },
    {
      "name": "Bio",
      "value": null
    }
  ],
  "data": [
    [
      {
        "name": "Date",
        "value": "10/16/2022"
      },
      {
        "name": "Visits",
        "value": 32289
      }
    ]
  ],
  "image": "round",
  "__v": 6
}]