[{
  "_id": {
    "$oid": "632c83638a09136e57a65d3b"
  },
  "id": "62ae2201877c4a2055bf574a",
  "stats": [
    {
      "name": "Views",
      "value": 11753
    },
    {
      "name": "Likes",
      "value": 766
    },
    {
      "name": "Comments",
      "value": 49
    }
  ],
  "misc": [
    {
      "name": "Name",
      "value": "Storyfire slander"
    },
    {
      "name": "Image",
      "value": "https://web-stories.s3.us-west-2.amazonaws.com/40foi1kcql26li/62ae2201877c4a2055bf574a/storyImage_97f26782-116a-4adb-a42f-bda41b80d4e8.jpg"
    },
    {
      "name": "Banner",
      "value": "https://web-stories.s3.us-west-2.amazonaws.com/40foi1kcql26li/62ae2201877c4a2055bf574a/storyImage_97f26782-116a-4adb-a42f-bda41b80d4e8.jpg"
    },
    {
      "name": "Created",
      "value": 1655579273
    },
    {
      "name": "Bio",
      "value": "🤓"
    }
  ],
  "data": [
    [
      {
        "name": "Date",
        "value": "9/22/2022"
      },
      {
        "name": "Views",
        "value": 11132
      },
      {
        "name": "Likes",
        "value": 724
      },
      {
        "name": "Comments",
        "value": 46
      }
    ],
    [
      {
        "name": "Date",
        "value": "9/23/2022"
      },
      {
        "name": "Views",
        "value": 11150
      },
      {
        "name": "Likes",
        "value": 726
      },
      {
        "name": "Comments",
        "value": 46
      }
    ],
    [
      {
        "name": "Date",
        "value": "9/24/2022"
      },
      {
        "name": "Views",
        "value": 11173
      },
      {
        "name": "Likes",
        "value": 731
      },
      {
        "name": "Comments",
        "value": 46
      }
    ],
    [
      {
        "name": "Date",
        "value": "9/25/2022"
      },
      {
        "name": "Views",
        "value": 11203
      },
      {
        "name": "Likes",
        "value": 731
      },
      {
        "name": "Comments",
        "value": 46
      }
    ],
    [
      {
        "name": "Date",
        "value": "9/26/2022"
      },
      {
        "name": "Views",
        "value": 11231
      },
      {
        "name": "Likes",
        "value": 734
      },
      {
        "name": "Comments",
        "value": 46
      }
    ],
    [
      {
        "name": "Date",
        "value": "9/27/2022"
      },
      {
        "name": "Views",
        "value": 11265
      },
      {
        "name": "Likes",
        "value": 736
      },
      {
        "name": "Comments",
        "value": 47
      }
    ],
    [
      {
        "name": "Date",
        "value": "9/28/2022"
      },
      {
        "name": "Views",
        "value": 11297
      },
      {
        "name": "Likes",
        "value": 739
      },
      {
        "name": "Comments",
        "value": 48
      }
    ],
    [
      {
        "name": "Date",
        "value": "9/29/2022"
      },
      {
        "name": "Views",
        "value": 11320
      },
      {
        "name": "Likes",
        "value": 740
      },
      {
        "name": "Comments",
        "value": 48
      }
    ],
    [
      {
        "name": "Date",
        "value": "9/30/2022"
      },
      {
        "name": "Views",
        "value": 11321
      },
      {
        "name": "Likes",
        "value": 740
      },
      {
        "name": "Comments",
        "value": 48
      }
    ],
    [
      {
        "name": "Date",
        "value": "10/1/2022"
      },
      {
        "name": "Views",
        "value": 11321
      },
      {
        "name": "Likes",
        "value": 740
      },
      {
        "name": "Comments",
        "value": 48
      }
    ],
    [
      {
        "name": "Date",
        "value": "10/2/2022"
      },
      {
        "name": "Views",
        "value": 11386
      },
      {
        "name": "Likes",
        "value": 742
      },
      {
        "name": "Comments",
        "value": 48
      }
    ],
    [
      {
        "name": "Date",
        "value": "10/3/2022"
      },
      {
        "name": "Views",
        "value": 11400
      },
      {
        "name": "Likes",
        "value": 742
      },
      {
        "name": "Comments",
        "value": 48
      }
    ],
    [
      {
        "name": "Date",
        "value": "10/4/2022"
      },
      {
        "name": "Views",
        "value": 11400
      },
      {
        "name": "Likes",
        "value": 742
      },
      {
        "name": "Comments",
        "value": 48
      }
    ],
    [
      {
        "name": "Date",
        "value": "10/5/2022"
      },
      {
        "name": "Views",
        "value": 11400
      },
      {
        "name": "Likes",
        "value": 742
      },
      {
        "name": "Comments",
        "value": 48
      }
    ],
    [
      {
        "name": "Date",
        "value": "10/6/2022"
      },
      {
        "name": "Views",
        "value": 11400
      },
      {
        "name": "Likes",
        "value": 742
      },
      {
        "name": "Comments",
        "value": 48
      }
    ],
    [
      {
        "name": "Date",
        "value": "10/7/2022"
      },
      {
        "name": "Views",
        "value": 11400
      },
      {
        "name": "Likes",
        "value": 742
      },
      {
        "name": "Comments",
        "value": 48
      }
    ],
    [
      {
        "name": "Date",
        "value": "10/8/2022"
      },
      {
        "name": "Views",
        "value": 11400
      },
      {
        "name": "Likes",
        "value": 742
      },
      {
        "name": "Comments",
        "value": 48
      }
    ],
    [
      {
        "name": "Date",
        "value": "10/9/2022"
      },
      {
        "name": "Views",
        "value": 11400
      },
      {
        "name": "Likes",
        "value": 742
      },
      {
        "name": "Comments",
        "value": 48
      }
    ],
    [
      {
        "name": "Date",
        "value": "10/10/2022"
      },
      {
        "name": "Views",
        "value": 11400
      },
      {
        "name": "Likes",
        "value": 742
      },
      {
        "name": "Comments",
        "value": 48
      }
    ],
    [
      {
        "name": "Date",
        "value": "10/11/2022"
      },
      {
        "name": "Views",
        "value": 11400
      },
      {
        "name": "Likes",
        "value": 742
      },
      {
        "name": "Comments",
        "value": 48
      }
    ],
    [
      {
        "name": "Date",
        "value": "10/12/2022"
      },
      {
        "name": "Views",
        "value": 11690
      },
      {
        "name": "Likes",
        "value": 765
      },
      {
        "name": "Comments",
        "value": 49
      }
    ],
    [
      {
        "name": "Date",
        "value": "10/13/2022"
      },
      {
        "name": "Views",
        "value": 11716
      },
      {
        "name": "Likes",
        "value": 766
      },
      {
        "name": "Comments",
        "value": 49
      }
    ],
    [
      {
        "name": "Date",
        "value": "10/14/2022"
      },
      {
        "name": "Views",
        "value": 11746
      },
      {
        "name": "Likes",
        "value": 766
      },
      {
        "name": "Comments",
        "value": 49
      }
    ],
    [
      {
        "name": "Date",
        "value": "10/15/2022"
      },
      {
        "name": "Views",
        "value": 11753
      },
      {
        "name": "Likes",
        "value": 766
      },
      {
        "name": "Comments",
        "value": 49
      }
    ]
  ],
  "image": "rect",
  "__v": 40
}]