[{
  "_id": {
    "$oid": "632a8aece45bcb871751293c"
  },
  "id": "UgzEukldCPKLcLXUgkR4AaABAg",
  "stats": [
    {
      "name": "Likes",
      "value": 47
    }
  ],
  "misc": [
    {
      "name": "Name",
      "value": "Trying out a &quot;new&quot; video format to create frequent updates for all of you! Let me know if you want to see more of it! <b>Also, feel free to share your theories about the future for AJR here!</b>"
    },
    {
      "name": "Image",
      "value": "https://yt3.ggpht.com/thJVciSyF-IV8kx1BAt0ksUIQ322V4Tn3VeQq3OkqhcB4UbaAFc4rve_me-nZ3DnO163guWiSw=s48-c-k-c0x00ffffff-no-rj"
    },
    {
      "name": "Banner",
      "value": "https://yt3.ggpht.com/thJVciSyF-IV8kx1BAt0ksUIQ322V4Tn3VeQq3OkqhcB4UbaAFc4rve_me-nZ3DnO163guWiSw=s48-c-k-c0x00ffffff-no-rj"
    },
    {
      "name": "Created",
      "value": "2022-09-19T21:53:59Z"
    },
    {
      "name": "Author",
      "value": "AJREarlyReleases"
    }
  ],
  "data": [
    [
      {
        "name": "Date",
        "value": "9/21/2022"
      },
      {
        "name": "Likes",
        "value": 38
      }
    ],
    [
      {
        "name": "Date",
        "value": "9/20/2022"
      },
      {
        "name": "Likes",
        "value": 38
      }
    ],
    [
      {
        "name": "Date",
        "value": "9/21/2022"
      },
      {
        "name": "Likes",
        "value": 39
      }
    ],
    [
      {
        "name": "Date",
        "value": "9/22/2022"
      },
      {
        "name": "Likes",
        "value": 41
      }
    ],
    [
      {
        "name": "Date",
        "value": "9/23/2022"
      },
      {
        "name": "Likes",
        "value": 42
      }
    ],
    [
      {
        "name": "Date",
        "value": "9/24/2022"
      },
      {
        "name": "Likes",
        "value": 44
      }
    ],
    [
      {
        "name": "Date",
        "value": "9/25/2022"
      },
      {
        "name": "Likes",
        "value": 44
      }
    ],
    [
      {
        "name": "Date",
        "value": "9/26/2022"
      },
      {
        "name": "Likes",
        "value": 46
      }
    ],
    [
      {
        "name": "Date",
        "value": "9/27/2022"
      },
      {
        "name": "Likes",
        "value": 46
      }
    ],
    [
      {
        "name": "Date",
        "value": "9/28/2022"
      },
      {
        "name": "Likes",
        "value": 46
      }
    ],
    [
      {
        "name": "Date",
        "value": "9/29/2022"
      },
      {
        "name": "Likes",
        "value": 47
      }
    ],
    [
      {
        "name": "Date",
        "value": "9/30/2022"
      },
      {
        "name": "Likes",
        "value": 47
      }
    ],
    [
      {
        "name": "Date",
        "value": "10/1/2022"
      },
      {
        "name": "Likes",
        "value": 47
      }
    ],
    [
      {
        "name": "Date",
        "value": "10/2/2022"
      },
      {
        "name": "Likes",
        "value": 47
      }
    ],
    [
      {
        "name": "Date",
        "value": "10/3/2022"
      },
      {
        "name": "Likes",
        "value": 47
      }
    ],
    [
      {
        "name": "Date",
        "value": "10/4/2022"
      },
      {
        "name": "Likes",
        "value": 47
      }
    ],
    [
      {
        "name": "Date",
        "value": "10/5/2022"
      },
      {
        "name": "Likes",
        "value": 47
      }
    ],
    [
      {
        "name": "Date",
        "value": "10/6/2022"
      },
      {
        "name": "Likes",
        "value": 47
      }
    ],
    [
      {
        "name": "Date",
        "value": "10/7/2022"
      },
      {
        "name": "Likes",
        "value": 47
      }
    ],
    [
      {
        "name": "Date",
        "value": "10/8/2022"
      },
      {
        "name": "Likes",
        "value": 47
      }
    ],
    [
      {
        "name": "Date",
        "value": "10/9/2022"
      },
      {
        "name": "Likes",
        "value": 47
      }
    ],
    [
      {
        "name": "Date",
        "value": "10/10/2022"
      },
      {
        "name": "Likes",
        "value": 47
      }
    ],
    [
      {
        "name": "Date",
        "value": "10/11/2022"
      },
      {
        "name": "Likes",
        "value": 47
      }
    ],
    [
      {
        "name": "Date",
        "value": "10/12/2022"
      },
      {
        "name": "Likes",
        "value": 47
      }
    ],
    [
      {
        "name": "Date",
        "value": "10/13/2022"
      },
      {
        "name": "Likes",
        "value": 47
      }
    ],
    [
      {
        "name": "Date",
        "value": "10/14/2022"
      },
      {
        "name": "Likes",
        "value": 47
      }
    ],
    [
      {
        "name": "Date",
        "value": "10/15/2022"
      },
      {
        "name": "Likes",
        "value": 47
      }
    ]
  ],
  "image": "round",
  "__v": 34
}]